"";"classe 1";"classe 2";"classe 3";"classe 4";"classe 5";"classe 6";"classe 7";"classe 8";"classe 9";"classe 10";"classe 11";"classe 12";"classe 13"
"humanity";5,425;-6,967;-0,206;-1,333;-4,107;5,693;2,029;0,02;-13,631;4,974;-4,243;-0,784;9,383
"digital";-0,761;0,06;0,002;1,521;-1,833;-0,226;4,65;-0,42;-0,558;-6,519;-0,287;-0,007;6,095
"technology";5,294;-0,134;-1,324;-0,041;-0,842;-0,365;-2,001;-2,116;-3,787;67,627;0,093;0,807;-14,801
"research";0,651;-1,8;-5,637;-6,66;-0,488;9,174;0,495;-1,431;-5,317;15,382;-3,354;-1,8;15,387
"tool";-2,683;0,298;-0,304;-0,27;-4,045;0,359;2,885;-1,137;-1,259;-16,243;2,147;0,045;29,036
"dh";-4,11;2,069;-2,824;-2,865;10,629;0,002;0,154;12,629;12,392;-0,692;0,046;0,003;-16,444
"study";-1,01;0,033;0,817;19,183;-0,492;2,774;-6,138;-0,531;-0,891;2,097;-3,497;-7,964;0,2
"method";-0,298;-4,043;-1,175;-0,191;-0,676;-0,965;10,629;0,042;-0,648;-0,327;3,842;-4,043;10,488
"way";21,345;1;-0,761;-1,734;2,623;0,009;-6,296;0,821;4,751;-8,085;-1,31;8,798;-6,661
"work";-2,502;0,008;-0,04;0,025;8,182;-0,012;0,193;4,423;-0,117;-2,306;-3,087;7,116;-3,681
"compute";19,275;-0,694;-0,382;2,255;-3,939;0,1;-0,107;-0,142;-4,891;0,856;0,566;0,297;-3,459
"question";0,505;-0,784;-1,298;-4,704;-2,813;0,045;-4,289;-0,692;-0,215;-2,69;8,304;110,527;-4,184
"field";-0,62;-3,246;-0,182;7,538;-1,402;0,305;-0,96;3,39;-1,918;23,737;-1,848;-0,018;-7,993
"traditional";-0,734;-0,221;10,08;-6,35;-4,114;2,634;0;4,082;1,79;0,625;0,01;-1,888;-2,514
"discipline";-0,649;-4,99;0,436;-0,256;0,142;13,015;-1,478;9,662;0,003;0,006;-0,954;-1,742;-0,147
"define";-0,141;-3,423;-0,56;10,446;19,249;-0,571;-1,707;-0,24;4,822;-2,647;-0,234;0,718;-3,966
"computer";-0,419;0,547;10,061;14,359;0,302;0,246;-1,053;-3,192;0,547;-3,074;-0,711;-2,642;-4,327
"medium";0,204;-0,419;3,472;4,946;-1,631;-3,772;1,508;-0,039;-4,308;-0,782;2,366;0,609;-1,589
"scholarship";0,079;-3,279;-6;1,328;-2,981;-0,383;0,122;1,683;3,168;1,823;0,007;3,168;-2,78
"practice";-0,013;-6,614;0;1,84;-0,463;3,888;-1,053;1,774;0,071;13,39;-4,062;-0,043;-6,106
"think";-4,724;0,176;0,388;3,934;0,452;-3,513;-1,811;0,929;18,499;-4,218;-0,563;0,819;-2,393
"humanist";-0,004;0;3,472;-0,578;3,664;0,034;-0,11;-0,57;23,834;-4,231;0,099;-2,652;-5,28
"human";-0,495;18,166;41,42;-0,644;-2,656;-0,952;-1,897;-0,616;-1,248;-6,556;-1,108;2,472;-2,075
"teach";-0,318;0,145;-4,779;-0,019;-1,535;-5,752;-1,896;0,157;-1,134;30,83;-0,599;-2,393;10,221
"application";17,135;-2,74;0,068;-2,975;-2,656;0,494;-0,139;0,976;-4,81;-0,037;-2,955;-4,81;22,879
"understand";-0,302;0,029;13,869;-1,134;25,355;-0,668;-0,025;3,389;-0,155;-2,071;-2,659;-0,913;-4,695
"culture";-0,04;0,435;5,043;6,764;0,067;-3,091;-0,692;-0,929;-1,478;-1,1;2,739;1,651;-5,422
"knowledge";20,364;5,849;2,472;-0,34;-0,664;-0,668;-1,462;-0,397;0,535;-2,071;-0,056;0,029;-6,925
"create";-1,649;7,354;0,094;11,73;29,611;-0,893;-1,808;-3,791;-2,652;-1,215;-2,895;-0,295;-0,908
"humanistic";0,007;1,674;-2,74;-1,134;-0,007;-0,668;-0,468;0,367;3,445;-3,74;77,78;-0,913;-6,925
"text";-1,277;0,692;51,519;29,227;0;-1,814;-4,879;0,483;-2,134;-5,64;-2,542;-4,138;-6,621
"mean";-0,268;3,673;2,665;-1,047;-0,625;-0,615;-0,013;0,001;17,535;-3,619;-0,827;-0,85;-0,527
"information";-0,121;0,203;1,916;-0,086;-2,076;1,573;-4,434;-0,182;-3,761;31,601;-2,31;0,203;-3,839
"datum";0,577;9,315;1,187;-1,047;-2,337;2,489;4,022;-0,357;0,046;-3,619;-2,6;-0,126;-2,769
"methodology";-1,277;-2,134;0,002;-0,963;-2,285;21,301;-0,364;0,483;-0,788;-3,498;1,553;0,692;1,481
"definition";0,002;0,016;-0,382;5,004;-2,443;-0,723;-5,216;36,858;0,016;0,237;-0,918;-0,978;-3,026
"approach";8,655;-0,036;0,573;1,384;-2,128;1,435;1,388;-0,214;-0,036;-3,14;-2,368;-0,036;-2,27
"term";-0,871;1,496;0,976;-0,018;-1,922;-1,299;0,079;33,555;0,367;0;-0,486;-3,481;-5,57
"inquiry";-1,041;-1,801;-0,109;-5,478;0,013;-0,372;-0,187;2,378;0,203;-0,472;54,168;2,705;-3,839
"computational";8,082;-3,113;3,48;0,426;-0,218;-0,112;-0,495;-0,755;-1,244;-0,841;-0,335;-1,244;4,242
"scholar";-1,099;2,505;0,573;-0,722;-2,128;5,892;25,398;-3,1;-0,036;-1,567;-2,368;-0,036;-3,98
"cultural";-2,301;-1,167;14,673;40,435;-1,668;-0,953;-3,562;0,371;-1,167;-2,103;-1,856;0,055;-2,739
"science";2,476;-1,018;-1,276;36,986;0,257;-0,041;-3,348;-0,59;-0,111;0,171;-0,233;-2,839;-2,473
"thing";-2,301;-1,167;0,468;-0,942;-0,19;-2,756;-3,562;12,247;102,045;-2,103;-0,3;-3,021;-4,834
"intersection";-0,014;-0,259;-0,437;-1,128;-1,769;-2,923;-1,811;0,257;0,598;27,472;11,289;-1,321;-3,009
"history";-2,51;-0,302;91,92;7,237;-0,277;-1,158;-3,886;0,209;-0,302;-2,442;-2,025;-3,296;-5,274
"social";23,276;1,819;1,238;4,613;-1,82;0,058;-3,886;-0,871;-3,296;-2,442;2,934;-0,302;-5,274
"art";-2,301;-1,167;57,847;1,651;-1,668;-0,085;-0,435;0,371;-1,167;-0,759;-1,856;-1,167;-1,235
"community";0,003;1,041;2,127;2,086;-1,568;10,984;-3,348;-2,284;-1,018;-0,033;0,126;-0,111;-2,473
"person";-1,956;11,226;5,625;-0,52;0,422;-2,343;-3,029;-2,066;16,468;-1,558;-0,144;-0,035;-2,081
"include";-2,37;2,194;0,389;15,924;-1,719;2,857;-0,01;1,613;-1,244;-0,841;-1,912;-3,113;-2,874
"develop";-0,655;-3,113;0;-1,034;-1,719;5,595;1,24;-0,755;-1,244;-0,12;0,051;0,692;4,242
"build";-1,685;2,382;-0,014;-3,222;-0,014;-2,018;-0,04;0,109;57,827;-3,015;-1,359;0,001;-1,575
"analysis";-0,455;0,161;0,771;25,574;-1,518;1,616;-0,27;0;-0,944;-0,53;-0,202;-2,749;-4,398
"apply";-0,503;-1,018;4,432;2,086;-1,568;29,424;-3,348;-2,284;-1,018;-0,033;-0,233;-0,111;-1,027
"answer";-2,093;-0,944;0,771;-1,996;-0,115;-2,508;-3,241;-2,211;0,161;-3,746;1,565;129,518;-4,398
"involve";-0,503;1,041;0,027;-2,114;-1,568;22,288;-1,436;8,683;-0,111;-0,603;0,126;-2,839;-1,027
"interest";0,01;14,684;0,771;4,478;-1,518;3,94;-3,241;0;-0,944;-0,53;-1,688;-0,944;-4,398
"explore";-0,503;1,041;0,658;-0,765;5,133;-0,821;14,837;-2,284;-1,018;-1,882;-0,233;2,878;-4,543
"engage";0,003;-2,839;-3,155;-4,136;-0,139;1,45;14,837;-0,59;13,879;-1,882;-1,744;5,63;-2,473
"critical";0,278;0,022;0,571;25,263;-1,124;-1,857;-2,4;-0,172;-0,409;-0,946;-0,02;0,022;-1,331
"subject";-0,319;-0,732;27,238;1,396;-1,369;-0,571;0,092;-1,994;-0,019;1,759;-1,523;-2,479;-1,952
"material";0,038;0,27;-1,026;-0,013;-0,073;4,617;8,312;2,796;-2,569;-1,558;-1,578;0,27;-4,11
"activity";-2,093;6,049;0,049;4,478;-0,115;0,311;7,202;-0,537;-2,749;0,231;-1,688;-2,749;-4,398
"object";-0,503;-1,018;-3,155;30,272;1,922;-0,041;-1,436;-0,59;2,878;-1,882;-1,744;0,118;-1,027
"form";-2,025;-0,872;8,679;0,177;-0,093;-0,012;2,193;-2,138;3,433;0,301;-0,172;-0,872;-4,254
"scholarly";-1,888;-0,732;6,088;1,396;6,607;-2,262;0,092;0,028;1,695;-0,328;-1,523;-0,019;-3,966
"project";-1,752;-0,597;0,288;0,519;0,653;5,859;-2,713;12,562;-0,001;-3,136;-1,413;0,512;-1,7
"world";0,088;4,454;1,365;-3,481;-0,039;-0,513;-0,992;11,79;1,902;-3,257;-1,468;0,42;-1,825
"literature";-1,888;-0,732;130,188;5,828;-0,055;-2,262;-1,078;-1,994;-2,479;-3,379;-1,523;-2,479;-3,966
"communication";-0,198;0,617;1,772;-3,222;-0,014;-0,4;16,343;0,109;-0,532;0,866;-1,359;-0,532;-3,539
"set";-1,685;0,617;1,772;0,023;-1,221;2,998;-0,824;7,997;-0,532;-3,015;-1,359;5,294;-3,539
"interdisciplinary";-1,685;-0,532;7,732;2,108;-1,221;10,938;0,257;-1,779;-2,212;0,866;-1,359;-0,532;-3,539
"resource";-1,617;2,66;-0,636;-3,093;-1,172;6,879;-2,504;-0,21;-2,123;0,114;-1,304;0,738;10,633
"learn";0,123;0,512;1,558;1,844;21,885;-2,099;-0,907;0,075;-2,301;-0,213;-1,413;-0,597;-1,7
"change";-1,283;0,177;-0,298;-0,689;1,616;-0,12;-1,987;2,786;-0,192;-0,576;-1,035;14,9;-0,049
"ask";-1,685;-2,212;-0,711;0,023;-1,221;-0,4;-0,824;-1,779;-0,532;-3,015;6,701;97,562;-3,539
"creation";-1,483;11,739;-2,164;0,146;-1,075;1,379;0,54;-0,136;-1,947;0,243;-1,196;-0,35;0,052
"concern";4,462;0,001;1,772;-0,246;-0,014;-2,018;-0,824;-0,251;0,001;-0,162;29,206;-2,212;-3,539
"academic";-1,55;0,022;0,571;-0,139;-1,124;7,461;-0,663;9,274;-0,409;3,236;-1,25;-2,035;-3,256
"process";-1,55;-2,035;9,089;-2,965;0,975;-1,857;0,43;22,802;-0,409;-0,946;-0,02;0,022;-1,331
"language";-1,617;2,66;77,489;2,402;-1,172;-1,937;-2,504;0,152;-2,123;-2,894;-1,304;-2,123;-3,397
"find";-0,129;-2,035;-2,262;-1,096;-0,001;-0,296;-2,4;0,203;107,808;-0,078;-0,02;-2,035;-3,256
"base";-0,129;-2,035;0;0,092;-1,124;7,461;-0,663;-1,637;-0,409;15,036;-0,02;-0,409;-1,331
"area";-1,283;0,177;19,256;-0,689;-0,93;10,438;-1,987;-1,355;0,177;0;-1,035;-1,685;-0,868
"share";-0,198;20,92;-0,711;0,023;-1,221;2,998;-0,04;-0,251;-2,212;-3,015;-1,359;5,294;-1,575
"relate";-0,198;2,382;-0,014;0,644;-0,014;23,846;-0,824;-0,251;-0,532;-1,144;-1,359;-2,212;-0,396
"open";0,217;-0,469;0,461;0,051;-1,172;1,034;7,516;0,152;-2,123;-2,894;-0,034;2,66;-3,397
"part";-1,217;-0,147;-1,776;-0,594;13,284;-0,085;-1,885;43,719;5,112;-2,179;-0,982;-1,598;-2,557
"focus";-1,483;-1,947;0,004;1,147;-1,075;-0,247;-2,296;-1,566;6,878;11,032;-0,01;1,031;-3,116
"bring";-1,086;6,386;-0,136;0,024;-0,787;-1,301;0,194;9,103;0,444;-0,331;-0,876;-1,426;-0,55
"development";-1,217;9,875;-1,776;-0,594;-0,883;-0,085;-0,303;-0,027;-1,598;2,646;-0,982;-0,147;4,172
"technique";0,136;-0,998;0;2,656;-0,551;-0,911;0,949;-0,803;0,011;-1,361;-0,613;1,456;0,312
"support";-1,416;1,209;6,196;6,637;-1,027;0,164;-0,51;-1,496;-0,295;-2,535;-0,003;-0,295;-0,135
"collaborative";29,727;-1,772;0,041;-2,582;-0,979;15,746;2,854;0,424;-1,772;-2,415;-1,089;-1,772;-2,836
"analyze";-1,416;12,69;0,018;-0,057;1,259;-0,201;9,718;-0,103;-0,295;-2,535;-1,142;-0,295;-2,975
"theory";-1,283;-1,685;0,076;-0,689;5,708;25,19;-0,369;2,786;-0,192;-2,297;-1,035;0,177;-2,696
"student";-1,151;17,632;-1,68;0,71;-0,835;-0,054;0,125;-0,012;2,204;-2,061;0,025;-0,106;-2,419
"problem";27,446;0,444;0,271;0,024;0,104;-0,03;-0,183;-0,002;-0,07;-1,943;-0,876;-1,426;-2,281
"present";0,005;0,576;0,376;-1,952;-0,74;-1,222;-1,579;4,494;0,576;0,112;0,078;0,576;-0,452
"umbrella";-1,086;28,28;-1,584;0,024;-0,787;-1,301;-1,681;25,615;-1,426;0,059;-0,876;-1,426;-2,281
"time";-1,086;11,953;-1,584;-2,077;-0,787;-1,301;-0,183;0,947;39,04;-1,943;-0,876;-1,426;-0,55
"public";-1,283;31,131;-1,873;-0,689;-0,93;0,301;0,038;-1,355;4,582;-0,576;-1,035;0,177;-2,696
"network";-0,955;33,66;-0,055;0,118;-0,692;-1,144;6,13;0,007;-1,254;-1,709;-0,77;-1,254;-2,006
"enhance";-0,696;-0,914;5,269;-1,331;5,213;-0,834;10,625;-0,735;0,038;-0,011;-0,561;-0,914;-1,462
"challenge";-0,027;-1,685;7,526;-0,009;0,024;-0,12;-1,987;20,273;-0,192;0;-1,035;-1,685;-0,868
"write";-1,086;-0,07;-1,584;0,904;15,614;-1,301;-0,183;9,103;0,444;-1,943;0,047;-0,07;-2,281
"researcher";-0,76;0,011;1,116;2,656;-0,551;0,037;4,014;-0,803;0,011;-1,361;-0,613;0,011;-1,597
"production";-1,02;7,156;-0,092;1,138;-0,74;-0,012;-1,579;-1,077;0,576;0,112;2,151;-1,34;-0,452
"kind";-1,086;0,444;0,271;11,175;-0,787;-0,03;-1,681;9,103;-1,426;-1,943;-0,876;0,444;-2,281
"idea";-1,02;-1,34;0,376;3,564;0,149;-1,222;-0,131;1,139;7,156;0,112;-0,823;-1,34;-2,143
"experience";0,018;8,039;2,746;-1,827;3,026;-0,002;2,412;-1,009;-1,254;-1,709;-0,77;-0,017;-2,006
"enable";-0,027;-1,685;0,076;-0,009;-0,93;2,081;11,596;-1,355;-1,685;0;1,238;-0,192;-0,868
"age";-0,825;-1,083;0,868;-1,578;22,49;0,012;-1,277;-0,871;4,582;-1,476;-0,665;4,582;-1,733
"often";0,005;-1,34;0,376;-1,952;-0,74;3,549;10,336;10,064;-1,34;-1,826;-0,823;-0,04;-2,143
"emerge";-0,955;-1,254;6,775;-0,254;0,206;-0,002;-0,086;0,007;-0,017;9,264;-0,77;-1,254;-2,006
"design";-0,89;-1,169;-0,026;1,756;-0,645;18,367;-0,048;1,632;0,93;-1,593;-0,718;-1,169;-1,87
"creative";0,317;0,087;0,038;4,01;-0,458;0,148;0,019;0,259;-0,829;-1,13;-0,509;0,087;-1,327
"content";-0,89;0,93;-0,026;0,201;3,446;10,382;-0,048;-0,94;-0,003;-1,593;0,176;-1,169;-1,87
"collaboration";-0,825;-1,083;-0,007;-0,121;0,367;1,468;14,585;-0,871;-1,083;-0,079;-0,665;1,167;-1,733
"technological";-0,955;3,41;6,775;-1,827;-0,692;-1,144;11,552;0,007;0,736;-1,709;-0,77;-1,254;-2,006
"read";-0,825;-1,083;0,868;5,662;22,49;-0,988;-1,277;-0,871;-1,083;-0,079;0,248;0;-1,733
"print";0,912;-0,578;-0,642;0,099;1,704;-0,527;-0,681;6,144;0,46;-0,788;-0,355;0,46;-0,925
"perspective";-0,955;-1,254;2,746;0,118;-0,692;0,975;-1,478;-1,009;-1,254;-0,191;27,53;-0,017;-0,359
"opportunity";-1,086;0,444;0,271;-2,077;0,104;-1,301;0,194;-1,147;0,444;-1,943;1,874;19,251;-2,281
"life";-0,632;2,255;0,038;16,567;0,795;-0,757;-0,978;-0,667;-0,829;-1,13;-0,509;0,087;-1,327
"impact";-1,02;-1,34;2,339;35,929;-0,74;-0,012;-1,579;-1,077;-0,04;-0,258;-0,823;-0,04;-2,143
"access";0,018;8,039;-0,055;-0,254;0,206;-0,002;-0,086;-1,009;-1,254;-0,191;-0,77;0,736;0,047
"view";-0,89;0,93;3,223;1,756;-0,645;-1,066;-0,048;0,024;0,93;-0,131;-0,718;-1,169;-0,273
"order";-1,02;-1,34;78,53;-1,952;-0,74;-1,222;-1,579;-1,077;0,576;-1,826;-0,823;2,948;-2,143
"mode";-0,825;-1,083;-1,204;-0,121;-0,598;-0,988;14,585;0,054;-1,083;6,34;-0,665;1,167;-1,733
"environment";0,043;0,93;-1,299;4,847;-0,645;10,382;-1,378;-0,94;-1,169;-0,131;-0,718;-0,003;-0,273
"communicate";46,396;3,41;-0,055;-1,827;-0,692;-0,002;-1,478;0,007;-0,017;-1,709;-0,77;-0,017;-2,006
"broadly";-0,76;-0,998;0;19,943;0,478;-0,911;-1,177;0,1;0,011;-1,361;-0,613;-0,998;0,312
"seek";-0,76;-0,998;1,116;-0,068;-0,551;-0,911;25,926;0,1;-0,998;-1,361;-0,613;1,456;-1,597
"result";10,741;0,087;0,038;-0,004;-0,458;0,148;-0,978;-0,667;-0,829;0;-0,509;0,087;-0,024
"online";0,018;3,41;0,506;1,418;9,152;-0,002;-1,478;0,007;-0,017;-1,709;-0,77;-1,254;-2,006
"interpretation";-0,76;1,456;-1,11;-0,068;-0,551;-0,911;-1,177;7,501;-0,998;-0,038;0,34;11,644;-1,597
"digitally";-0,696;-0,914;-1,016;-0,028;14,287;0,081;0,001;0,166;6,236;-0,011;-0,561;-0,914;-1,462
"century";-0,377;0,721;-0,55;9,878;-0,273;-0,451;-0,583;1,155;0,721;-0,674;-0,304;-0,495;-0,791
"wide";-0,76;0,011;4,459;0,469;0,478;-0,911;-1,177;7,501;1,456;-1,361;-0,613;-0,998;-1,597
"source";-0,89;0,93;0,667;-1,702;-0,645;-1,066;-1,378;-0,94;-0,003;-1,593;45,619;3,948;-1,87
"philosophy";-0,955;-1,254;145,477;-0,254;-0,692;-1,144;-1,478;-1,009;-1,254;-1,709;-0,77;-1,254;-2,006
"pattern";-0,632;2,255;6,258;-1,208;-0,458;-0,757;-0,978;0,259;15,322;-1,13;-0,509;-0,829;-1,327
"offer";-0,696;1,812;-1,016;-1,331;-0,505;-0,834;4,775;0,166;0,038;-1,245;-0,561;13,309;-1,462
"nature";-0,76;-0,998;10,027;2,656;-0,551;1,795;-1,177;0,1;0,011;-1,361;-0,613;0,011;-1,597
"mind";-0,89;-1,169;58,751;-0,183;-0,645;0,001;-1,378;1,632;-1,169;-1,593;-0,718;-0,003;-1,87
"electronic";-0,76;5,334;10,027;2,656;-0,551;-0,911;-1,177;-0,803;0,011;-0,038;-0,613;-0,998;-1,597
"combine";-0,89;-1,169;-0,026;4,847;-0,645;41,126;-0,048;-0,94;-1,169;-1,593;-0,718;-0,003;-1,87
"year";-0,696;-0,914;-1,016;0,671;-0,505;-0,834;-1,077;45,29;1,812;-1,245;-0,561;0,038;-1,462
"space";-0,825;18,16;-1,204;2,162;-0,598;-0,988;-1,277;6,562;-1,083;-1,476;-0,665;0;-0,194
"software";-0,696;6,236;-1,016;-1,331;-0,505;0,081;18,783;0,166;-0,914;-1,245;-0,561;0,038;-1,462
"simply";-0,76;1,456;1,116;-0,068;0,478;0,037;-0,003;2,332;1,456;-1,361;-0,613;-0,998;-1,597
"publish";-0,89;3,948;0,667;-0,183;-0,645;-1,066;-0,048;1,632;0,93;-0,131;-0,718;0,93;-1,87
"provide";-0,825;4,582;24,892;-0,121;-0,598;0,012;-1,277;0,054;-1,083;-0,079;-0,665;-1,083;-1,733
"place";-0,76;-0,998;0;0,469;-0,551;-0,911;-1,177;77,385;-0,998;-0,038;-0,613;-0,998;-1,597
"modern";-0,89;-1,169;7,693;-0,183;-0,645;10,382;0,541;-0,94;-0,003;-0,131;0,176;-1,169;-1,87
"innovative";8,129;-0,998;-1,11;-1,454;-0,551;0,037;-0,003;-0,803;0,011;3,046;-0,613;0,011;0,312
"expand";-0,76;1,456;1,116;-0,068;4,519;0,037;-1,177;0,1;0,011;-1,361;0,34;-0,998;-0,124
"evolve";-0,89;-1,169;-1,299;1,756;-0,645;-1,066;-1,378;0,024;-0,003;25,383;-0,718;0,93;-1,87
"describe";-0,825;1,167;0,868;-1,578;-0,598;-0,988;-1,277;23,928;-1,083;0,424;-0,665;0;-0,194
"born";-0,76;0,011;-1,11;12,394;4,519;-0,911;-0,003;0,1;1,456;-1,361;-0,613;-0,998;-1,597
"transform";-0,825;1,167;-0,007;-0,121;-0,598;-0,988;-0,02;0,054;0;-1,476;9,768;0;0,19
"topic";-0,76;-0,998;4,459;0,469;-0,551;6,184;0,949;-0,803;-0,998;0,6;-0,613;-0,998;-1,597
"society";-0,504;0,284;0,185;0,03;-0,365;0,389;-0,78;-0,532;-0,661;-0,902;1,062;3,534;0,007
"record";-0,696;-0,914;20,227;-1,331;-0,505;0,081;0,001;-0,735;-0,914;-0,011;-0,561;1,812;-0,067
"produce";-0,632;2,255;-0,922;4,01;-0,458;2,687;-0,978;-0,667;2,255;0;-0,509;-0,829;-1,327
"potential";-0,696;-0,914;0,009;0,671;-0,505;7,173;0,001;-0,735;0,038;-1,245;-0,561;6,236;-1,462
"pedagogy";-0,377;0,721;0,553;-0,72;-0,273;-0,451;0,47;-0,398;-0,495;0,297;-0,304;-0,495;2,81
"literary";-0,696;-0,914;0,009;75,895;-0,505;-0,834;-1,077;-0,735;-0,914;-1,245;-0,561;-0,914;-1,462
"level";-0,568;-0,745;7,485;0,002;-0,412;0,247;0,062;0,386;-0,745;0,012;-0,458;-0,745;-0,002
"large";-0,632;0,087;0,038;-0,004;6,053;0,148;-0,978;-0,667;7,334;-1,13;-0,509;-0,829;-0,024
"interaction";-0,696;-0,914;1,426;3,261;0,618;0,081;0,001;0,166;0,038;-0,011;-0,561;-0,914;-1,462
"future";-0,568;-0,745;0,093;0,002;-0,412;-0,68;54,23;-0,599;-0,745;-1,016;-0,458;-0,745;-1,192
"english";-0,632;-0,829;13,362;26,053;-0,458;-0,757;-0,978;-0,667;-0,829;-1,13;-0,509;-0,829;-1,327
"engagement";0,213;-0,914;1,426;-0,028;-0,505;0,081;-1,077;0,166;-0,914;0,828;0,458;1,812;-1,462
"dissemination";-0,632;-0,829;-0,922;-1,208;-0,458;8,374;0,019;-0,667;-0,829;0;-0,509;15,322;-0,024
"condition";-0,76;20,387;4,459;0,469;-0,551;-0,911;-1,177;-0,803;-0,998;-1,361;0,34;-0,998;-0,124
"web";16,747;5,334;-1,11;0,469;-0,551;0,037;0,949;-0,803;-0,998;-1,361;-0,613;-0,998;-1,597
"visualization";-0,76;1,456;0;0,469;-0,551;6,184;-0,003;0,1;0,011;-1,361;-0,613;0,011;-1,597
"variety";-0,568;-0,745;15,613;-1,086;-0,412;-0,68;-0,879;-0,599;0,166;5,506;-0,458;-0,745;-0,002
"specific";10,741;-0,829;0,038;-1,208;-0,458;2,687;-0,978;-0,667;-0,829;0;0,609;2,255;-1,327
"sense";-0,568;-0,745;0,093;-1,086;18,617;-0,68;-0,879;23,125;0,166;-1,016;-0,458;-0,745;-1,192
"realm";-0,632;-0,829;1,816;0,938;0,795;2,687;-0,978;-0,667;0,087;0;-0,509;-0,829;-0,024
"participate";-0,696;6,236;5,269;-0,028;-0,505;-0,834;-1,077;-0,735;6,236;-1,245;0,458;-0,914;-1,462
"machine";5,386;-0,661;9,041;6,154;-0,365;-0,603;-0,78;-0,532;-0,661;-0,902;-0,406;-0,661;-1,058
"increase";-0,568;0,166;0,093;4,95;-0,412;0,247;2,058;-0,599;-0,745;0,012;-0,458;-0,745;-1,192
"heritage";-0,568;0,166;-0,828;19,385;-0,412;-0,68;-0,879;-0,599;0,166;-1,016;-0,458;0,166;-0,002
"exploration";-0,568;0,166;0,093;-1,086;1,021;-0,68;-0,879;-0,599;-0,745;12,004;0,805;-0,745;-0,002
"day";-0,568;-0,745;-0,828;-1,086;1,021;-0,68;-0,879;0,386;8,692;-1,016;-0,458;8,692;-0,002
"context";-0,632;-0,829;-0,922;-0,004;0,795;-0,757;-0,978;0,259;2,255;1,123;0,609;2,255;-1,327
"broad";-0,76;-0,998;-1,11;6,631;-0,551;-0,911;-0,003;0,1;-0,998;-1,361;-0,613;20,387;-0,124
"attempt";0,912;0,46;0,33;2,397;-0,319;-0,527;-0,681;-0,465;-0,578;0,143;-0,355;-0,578;0,052
"aspect";-0,76;0,011;-1,11;-0,068;-0,551;0,037;25,926;-0,803;0,011;-1,361;-0,613;1,456;-1,597
"archive";-0,632;2,255;0,038;-0,004;-0,458;0,148;1,595;0,259;0,087;-1,13;-0,509;-0,829;-0,024
"analog";-0,76;20,387;-1,11;-0,068;0,478;-0,911;0,949;-0,803;1,456;-1,361;-0,613;-0,998;-0,124
"technical";-0,568;8,692;-0,828;1,29;7,09;-0,68;0,062;0,386;-0,745;-1,016;-0,458;-0,745;-1,192
"represent";1,284;0,721;-0,55;-0,72;-0,273;-0,451;-0,583;1,155;5,768;-0,674;-0,304;-0,495;0,155
"relationship";-0,696;1,812;5,269;3,261;-0,505;-0,834;-1,077;-0,735;0,038;0,828;-0,561;-0,914;-1,462
"practitioner";-0,696;0,038;5,269;-1,331;-0,505;0,081;4,775;0,166;0,038;-1,245;-0,561;0,038;-1,462
"power";-0,568;0,166;26,694;-1,086;-0,412;0,247;0,062;-0,599;-0,745;-1,016;-0,458;0,166;-1,192
"point";-0,504;3,534;-0,735;-0,964;-0,365;0,389;-0,78;-0,532;20,911;0,055;-0,406;-0,661;-1,058
"investigate";54,016;0,087;-0,922;-0,004;-0,458;-0,757;0,019;-0,667;-0,829;-1,13;-0,509;0,087;-1,327
"individual";-0,504;3,534;0,185;1,76;-0,365;-0,603;2,659;-0,532;0,284;-0,902;-0,406;-0,661;-1,058
"incorporate";-0,568;-0,745;0,093;0,002;-0,412;-0,68;0,062;-0,599;2,815;5,506;0,805;-0,745;-1,192
"important";-0,504;-0,661;9,041;-0,964;1,315;0,389;-0,78;0,562;3,534;-0,902;-0,406;-0,661;-1,058
"image";0,213;23,032;-1,016;7,798;-0,505;-0,834;-1,077;0,166;-0,914;-1,245;-0,561;-0,914;-1,462
"historian";-0,25;1,756;-0,365;-0,479;4,172;-0,3;1,321;2,469;-0,329;-0,448;-0,202;-0,329;-0,526
"expression";5,386;10,409;-0,735;-0,964;-0,365;-0,603;0,14;0,562;0,284;-0,902;-0,406;-0,661;-1,058
"encompass";0,213;-0,914;0,009;0,671;-0,505;-0,834;0,001;0,166;0,038;-0,011;-0,561;0,038;0,481
"audience";-0,632;2,255;1,816;-1,208;-0,458;-0,757;-0,978;3,362;2,255;-1,13;-0,509;2,255;-1,327
"advance";1,829;1,119;0,901;0,465;-0,227;-0,375;0,791;-0,331;-0,412;-0,561;-0,253;-0,412;-0,658
"value";-0,504;-0,661;0,185;13,212;1,315;-0,603;-0,78;-0,532;3,534;-0,902;-0,406;-0,661;-1,058
"role";-0,44;-0,578;0,33;2,397;1,704;-0,527;0,267;0,807;-0,578;0,143;-0,355;-0,578;-0,925
"program";-0,44;0,46;-0,642;-0,842;1,704;5,134;0,267;0,807;0,46;-0,788;-0,355;-0,578;-0,925
"preservation";-0,568;0,166;-0,828;0,002;-0,412;3,306;14,488;-0,599;-0,745;-1,016;0,805;-0,745;-1,192
"possibility";-0,568;0,166;-0,828;1,29;-0,412;0,247;2,058;-0,599;-0,745;-1,016;-0,458;2,815;-0,002
"past";1,284;5,768;-0,55;-0,72;-0,273;-0,451;0,47;-0,398;-0,495;-0,674;1,882;-0,495;0,155
"long";0,317;0,087;0,038;4,01;-0,458;0,148;0,019;0,259;0,087;-1,13;-0,509;-0,829;-1,327
"limit";-0,504;-0,661;31,169;-0,964;-0,365;-0,603;0,14;-0,532;0,284;0,055;-0,406;-0,661;-1,058
"issue";-0,504;3,534;0,185;6,154;-0,365;0,389;-0,78;-0,532;0,284;-0,902;-0,406;-0,661;-1,058
"interpret";-0,632;0,087;0,038;-1,208;-0,458;-0,757;-0,978;0,259;2,255;-1,13;-0,509;26,22;-1,327
"internet";0,317;15,322;0,038;-1,208;-0,458;2,687;0,019;-0,667;-0,829;-1,13;-0,509;-0,829;-0,024
"inform";1,829;-0,412;-0,457;-0,599;3,003;-0,375;-0,485;-0,331;1,119;5,027;-0,253;-0,412;-0,658
"increasingly";-0,504;-0,661;2,954;0,03;8,396;-0,603;-0,78;0,562;0,284;-0,902;1,062;-0,661;-1,058
"great";-0,313;-0,412;6,629;-0,599;-0,227;-0,375;-0,485;1,668;1,119;-0,561;2,567;-0,412;-0,658
"facilitate";-0,504;-0,661;-0,735;0,03;-0,365;11,727;8,338;-0,532;-0,661;0,055;-0,406;-0,661;-1,058
"exist";-0,632;-0,829;0,038;9,22;6,053;-0,757;0,019;-0,667;-0,829;-1,13;-0,509;0,087;-0,024
"examine";-0,568;0,166;0,093;4,95;-0,412;19,9;-0,879;-0,599;-0,745;-1,016;-0,458;-0,745;-1,192
"education";-0,377;0,721;-0,55;-0,72;-0,273;-0,451;-0,583;-0,398;-0,495;21,566;-0,304;0,721;-0,791
"current";-0,504;-0,661;2,954;6,154;8,396;-0,603;-0,78;0,562;-0,661;-0,902;-0,406;-0,661;-1,058
"cover";-0,44;0,46;0,33;2,397;-0,319;0,593;-0,681;-0,465;-0,578;2,704;-0,355;-0,578;-0,925
"corpus";3,686;-0,829;1,816;4,01;-0,458;-0,757;-0,978;-0,667;-0,829;-1,13;-0,509;7,334;-1,327
"contribute";0,457;0,166;2,312;1,29;1,021;0,247;-0,879;0,386;-0,745;-1,016;-0,458;-0,745;-1,192
"connect";-0,313;1,119;-0,457;4,574;-0,227;-0,375;-0,485;1,668;1,119;-0,561;-0,253;-0,412;-0,658
"collection";-0,504;35,039;0,185;-0,964;-0,365;-0,603;-0,78;0,562;-0,661;-0,902;-0,406;0,284;-1,058
"collaborate";-0,568;86,506;-0,828;-1,086;-0,412;-0,68;-0,879;-0,599;-0,745;-1,016;-0,458;0,166;-1,192
"call";-0,632;0,087;-0,922;-0,004;106,151;-0,757;-0,978;-0,667;-0,829;-1,13;0,609;-0,829;-1,327
"big";-0,504;3,534;-0,735;-0,964;-0,365;-0,603;-0,78;4,969;20,911;-0,902;-0,406;-0,661;-1,058
"add";-0,632;2,255;-0,922;-0,004;-0,458;-0,757;-0,978;20,106;0,087;0;0,609;-0,829;-1,327
"user";-0,377;5,768;0,553;0,232;2,238;-0,451;-0,583;-0,398;0,721;-0,674;-0,304;-0,495;-0,791
"put";-0,568;-0,745;2,312;-1,086;1,021;-0,68;-0,879;-0,599;45,695;-1,016;-0,458;-0,745;-1,192
"pursuit";-0,504;-0,661;18,446;-0,964;-0,365;-0,603;-0,78;-0,532;-0,661;2,018;1,062;0,284;-1,058
"purpose";0,649;-0,661;0,185;6,154;-0,365;-0,603;-0,78;-0,532;10,409;-0,902;-0,406;-0,661;-1,058
"publication";-0,504;3,534;-0,735;0,03;-0,365;-0,603;0,14;0,562;-0,661;2,018;-0,406;0,284;-1,058
"presentation";0,457;0,166;-0,828;-1,086;-0,412;3,306;-0,879;-0,599;-0,745;21,002;-0,458;-0,745;-1,192
"play";-0,568;0,166;0,093;1,29;18,617;-0,68;0,062;0,386;-0,745;-1,016;-0,458;-0,745;-1,192
"model";1,829;-0,412;0,901;0,465;-0,227;-0,375;-0,485;-0,331;-0,412;-0,561;2,567;-0,412;0,351
"mine";-0,504;3,534;9,041;0,03;-0,365;-0,603;-0,78;-0,532;0,284;-0,902;1,062;-0,661;-1,058
"methodological";-0,568;2,815;-0,828;1,29;1,021;-0,68;-0,879;11,649;-0,745;-1,016;-0,458;-0,745;-0,002
"meet";-0,44;0,46;-0,642;0,099;-0,319;-0,527;0,267;16,474;-0,578;-0,788;-0,355;0,46;-0,925
"investigation";-0,377;-0,495;-0,55;0,232;-0,273;-0,451;-0,583;1,155;-0,495;0,297;-0,304;0,721;2,81
"intersect";47,148;-0,661;-0,735;0,03;-0,365;0,389;-0,78;-0,532;-0,661;0,055;-0,406;-0,661;-1,058
"insight";4,435;0,166;7,485;-1,086;-0,412;-0,68;0,062;0,386;0,166;-1,016;-0,458;-0,745;-1,192
"http";-0,568;-0,745;-0,828;-1,086;-0,412;-0,68;-0,879;0,386;-0,745;0,012;106,932;-0,745;-1,192
"give";-0,504;-0,661;2,954;1,76;-0,365;0,389;-0,78;-0,532;-0,661;-0,902;-0,406;10,409;-1,058
"game";-0,44;-0,578;0,33;27,528;-0,319;-0,527;-0,681;-0,465;0,46;-0,788;-0,355;-0,578;-0,925
"excite";8,295;0,721;0,553;-0,72;-0,273;-0,451;-0,583;-0,398;0,721;-0,674;-0,304;0,721;-0,791
"encourage";-0,568;-0,745;0,093;1,29;-0,412;50,463;-0,879;-0,599;-0,745;-1,016;-0,458;-0,745;-1,192
"embrace";-0,504;0,284;-0,735;0,03;-0,365;-0,603;2,659;0,562;3,534;-0,902;-0,406;0,284;-1,058
"disseminate";-0,568;-0,745;-0,828;-1,086;-0,412;19,9;0,062;0,386;0,166;-1,016;-0,458;2,815;-1,192
"contemporary";-0,25;-0,329;1,468;0,875;-0,181;-0,3;-0,388;-0,264;1,756;1,003;-0,202;-0,329;-0,526
"case";-0,377;-0,495;-0,55;0,232;-0,273;0,889;-0,583;7,73;0,721;0,297;-0,304;-0,495;-0,791
"boundary";-0,44;0,46;0,33;0,099;1,704;-0,527;0,267;6,144;-0,578;-0,788;-0,355;-0,578;-0,925
"book";-0,25;-0,329;-0,365;33,832;-0,181;-0,3;-0,388;-0,264;-0,329;-0,448;-0,202;-0,329;-0,526
"artifact";-0,44;0,46;11,065;2,397;-0,319;-0,527;-0,681;-0,465;0,46;-0,788;-0,355;-0,578;-0,925
"analyse";24,655;-0,745;-0,828;4,95;-0,412;-0,68;-0,879;-0,599;-0,745;-1,016;-0,458;2,815;-1,192
"address";28,635;-0,661;0,185;-0,964;-0,365;0,389;2,659;-0,532;-0,661;-0,902;-0,406;-0,661;-1,058
"act";-0,504;0,284;0,185;0,03;1,315;-0,603;-0,78;-0,532;3,534;-0,902;-0,406;0,284;0,007
"word";-0,377;5,768;-0,55;3,285;2,238;-0,451;-0,583;-0,398;0,721;-0,674;-0,304;-0,495;-0,791
"type";6,624;-0,578;3,804;-0,842;-0,319;0,593;-0,681;-0,465;0,46;-0,788;-0,355;-0,578;0,052
"traditionally";-0,504;-0,661;18,446;1,76;-0,365;0,389;-0,78;-0,532;-0,661;-0,902;-0,406;0,284;-1,058
"today";-0,377;15,634;4,967;-0,72;-0,273;-0,451;-0,583;-0,398;-0,495;-0,674;-0,304;0,721;-0,791
"theoretical";-0,44;-0,578;-0,642;2,397;10,086;-0,527;0,267;0,807;0,46;-0,788;-0,355;-0,578;-0,925
"system";-0,44;-0,578;36,945;-0,842;-0,319;0,593;-0,681;-0,465;-0,578;-0,788;1,407;-0,578;-0,925
"structure";8,295;0,721;-0,55;3,285;2,238;-0,451;-0,583;-0,398;-0,495;-0,674;-0,304;-0,495;-0,791
"simple";-0,504;0,284;-0,735;-0,964;-0,365;0,389;-0,78;0,562;-0,661;-0,902;1,062;20,911;-1,058
"representation";-0,377;-0,495;-0,55;-0,72;-0,273;-0,451;0,47;20,122;0,721;0,297;-0,304;-0,495;-0,791
"range";1,829;7,601;-0,457;0,465;-0,227;-0,375;-0,485;-0,331;1,119;-0,561;-0,253;-0,412;-0,658
"pursue";-0,44;-0,578;0,33;-0,842;-0,319;5,134;-0,681;-0,465;-0,578;-0,788;8,809;0,46;0,052
"press";-0,25;-0,329;1,468;-0,479;-0,181;2,036;-0,388;-0,264;1,756;1,003;-0,202;-0,329;-0,526
"prefer";-0,504;-0,661;2,954;13,212;-0,365;-0,603;0,14;-0,532;-0,661;-0,902;-0,406;-0,661;0,007
"praxis";1,829;-0,412;-0,457;0,465;-0,227;-0,375;-0,485;1,668;7,601;-0,561;-0,253;-0,412;-0,658
"practical";1,284;0,721;0,553;-0,72;2,238;0,889;-0,583;-0,398;0,721;-0,674;-0,304;-0,495;-0,791
"platform";1,284;0,721;0,553;3,285;-0,273;-0,451;-0,583;-0,398;-0,495;0,297;-0,304;-0,495;-0,791
"physical";-0,377;5,768;0,553;-0,72;-0,273;-0,451;0,47;1,155;0,721;-0,674;-0,304;-0,495;-0,791
"paradigm";0,912;-0,578;-0,642;7,734;-0,319;-0,527;-0,681;-0,465;-0,578;0,143;1,407;-0,578;0,052
"mediate";-0,25;-0,329;1,468;-0,479;-0,181;-0,3;1,321;-0,264;1,756;-0,448;-0,202;-0,329;0,712
"improve";-0,504;-0,661;-0,735;-0,964;1,315;-0,603;-0,78;-0,532;-0,661;-0,902;-0,406;74,175;-1,058
"implication";-0,44;41,367;-0,642;-0,842;10,086;-0,527;-0,681;-0,465;-0,578;-0,788;-0,355;-0,578;-0,925
"identify";-0,44;-0,578;-0,642;-0,842;-0,319;-0,527;0,267;0,807;41,367;-0,788;-0,355;-0,578;-0,925
"historical";-0,44;-0,578;0,33;2,397;-0,319;-0,527;0,267;-0,465;-0,578;-0,788;8,809;0,46;-0,925
"global";-0,25;-0,329;1,468;6,565;-0,181;-0,3;-0,388;-0,264;-0,329;-0,448;-0,202;-0,329;0,712
"general";5,386;0,284;0,185;-0,964;-0,365;0,389;-0,78;0,562;3,534;-0,902;-0,406;-0,661;-1,058
"full";-0,44;-0,578;36,945;-0,842;1,704;-0,527;-0,681;0,807;-0,578;-0,788;-0,355;-0,578;-0,925
"force";-0,44;4,48;0,33;-0,842;-0,319;0,593;-0,681;0,807;4,48;-0,788;-0,355;-0,578;-0,925
"extend";6,624;-0,578;11,065;0,099;-0,319;-0,527;-0,681;-0,465;-0,578;0,143;-0,355;-0,578;-0,925
"document";-0,504;0,284;0,185;1,76;-0,365;-0,603;0,14;-0,532;0,284;2,018;-0,406;-0,661;-1,058
"academy";-0,44;-0,578;-0,642;16,111;-0,319;-0,527;-0,681;-0,465;12,638;-0,788;-0,355;-0,578;-0,925
"ability";-0,44;0,46;11,065;2,397;-0,319;-0,527;-0,681;-0,465;-0,578;-0,788;-0,355;-0,578;0,052
"utilize";0,912;-0,578;0,33;-0,842;-0,319;0,593;0,267;0,807;-0,578;0,143;-0,355;0,46;-0,925
"unique";-0,313;-0,412;-0,457;0,465;-0,227;-0,375;6,129;-0,331;1,119;-0,561;2,567;-0,412;-0,658
"undertake";0,912;0,46;-0,642;0,099;1,704;0,593;-0,681;-0,465;-0,578;0,143;-0,355;0,46;-0,925
"ultimately";-0,44;-0,578;3,804;-0,842;-0,319;-0,527;3,459;16,474;-0,578;-0,788;-0,355;-0,578;-0,925
"turn";-0,377;0,721;0,553;0,232;-0,273;-0,451;-0,583;-0,398;5,768;-0,674;1,882;-0,495;-0,791
"teacher";-0,313;37,892;-0,457;0,465;-0,227;-0,375;-0,485;-0,331;-0,412;-0,561;-0,253;-0,412;-0,658
"task";-0,377;5,768;4,967;-0,72;-0,273;-0,451;-0,583;7,73;-0,495;-0,674;-0,304;-0,495;-0,791
"start";-0,377;-0,495;-0,55;50,905;-0,273;-0,451;-0,583;-0,398;-0,495;-0,674;-0,304;-0,495;-0,791
"separate";-0,44;24,934;-0,642;-0,842;1,704;-0,527;-0,681;0,807;0,46;-0,788;-0,355;-0,578;-0,925
"remain";-0,44;-0,578;-0,642;0,099;-0,319;-0,527;-0,681;77,43;-0,578;-0,788;-0,355;-0,578;-0,925
"reflection";-0,313;19,859;-0,457;0,465;-0,227;-0,375;-0,485;-0,331;1,119;-0,561;-0,253;-0,412;-0,658
"reflect";-0,44;-0,578;0,33;2,397;-0,319;-0,527;-0,681;-0,465;0,46;-0,788;1,407;4,48;-0,925
"necessarily";-0,44;-0,578;-0,642;-0,842;-0,319;0,593;3,459;-0,465;0,46;0,143;1,407;0,46;-0,925
"music";-0,377;-0,495;44,672;-0,72;-0,273;-0,451;-0,583;-0,398;0,721;-0,674;-0,304;-0,495;-0,791
"move";-0,313;-0,412;0,901;0,465;-0,227;-0,375;-0,485;1,668;1,119;-0,561;-0,253;1,119;-0,658
"moment";-0,25;1,756;-0,365;-0,479;4,172;-0,3;-0,388;-0,264;-0,329;-0,448;3,619;1,756;-0,526
"matter";-0,313;1,119;6,629;-0,599;-0,227;-0,375;-0,485;-0,331;7,601;-0,561;-0,253;-0,412;-0,658
"link";-0,44;4,48;-0,642;7,734;-0,319;-0,527;0,267;-0,465;-0,578;-0,788;1,407;-0,578;-0,925
"lead";-0,377;-0,495;0,553;0,232;-0,273;-0,451;-0,583;-0,398;-0,495;-0,674;1,882;15,634;-0,791
"intellectual";0,912;-0,578;-0,642;16,111;-0,319;-0,527;-0,681;-0,465;-0,578;-0,788;-0,355;0,46;0,052
"integrate";0,912;-0,578;-0,642;-0,842;1,704;0,593;0,267;16,474;-0,578;-0,788;-0,355;-0,578;-0,925
"institution";-0,44;-0,578;3,804;7,734;-0,319;-0,527;-0,681;0,807;0,46;-0,788;-0,355;-0,578;-0,925
"infrastructure";-0,313;1,119;0,901;0,465;-0,227;-0,375;0,791;-0,331;-0,412;-0,561;-0,253;-0,412;0,351
"influence";-0,25;-0,329;-0,365;-0,479;-0,181;-0,3;1,321;2,469;-0,329;1,003;3,619;-0,329;-0,526
"group";-0,377;-0,495;4,967;0,232;2,238;-0,451;-0,583;-0,398;5,768;-0,674;-0,304;-0,495;-0,791
"generate";-0,44;24,934;0,33;-0,842;-0,319;-0,527;-0,681;0,807;-0,578;-0,788;-0,355;0,46;-0,925
"feel";-0,44;0,46;3,804;-0,842;-0,319;-0,527;-0,681;0,807;12,638;-0,788;-0,355;-0,578;-0,925
"effect";1,284;0,721;0,553;0,232;-0,273;-0,451;-0,583;1,155;-0,495;-0,674;-0,304;-0,495;0,155
"drive";0,912;4,48;0,33;-0,842;1,704;-0,527;-0,681;6,144;-0,578;-0,788;-0,355;-0,578;-0,925
"diverse";-0,313;-0,412;-0,457;-0,599;-0,227;-0,375;0,791;1,668;1,119;5,027;-0,253;-0,412;-0,658
"discussion";-0,25;1,756;-0,365;-0,479;-0,181;2,036;-0,388;2,469;1,756;-0,448;-0,202;-0,329;-0,526
"difficult";-0,377;0,721;0,553;3,285;-0,273;-0,451;-0,583;1,155;0,721;-0,674;-0,304;-0,495;-0,791
"critique";-0,313;-0,412;-0,457;4,574;-0,227;-0,375;-0,485;-0,331;-0,412;-0,561;13,745;-0,412;0,351
"criticism";-0,377;-0,495;-0,55;33,689;-0,273;-0,451;0,47;-0,398;-0,495;-0,674;-0,304;-0,495;-0,791
"constantly";0,912;-0,578;-0,642;-0,842;-0,319;-0,527;-0,681;-0,465;-0,578;8,469;-0,355;12,638;-0,925
"conduct";1,284;-0,495;0,553;-0,72;-0,273;0,889;0,47;1,155;-0,495;0,297;-0,304;-0,495;-0,791
"commitment";-0,377;-0,495;-0,55;-0,72;-0,273;-0,451;-0,583;38,331;5,768;-0,674;-0,304;-0,495;-0,791
"combination";-0,377;-0,495;0,553;0,232;2,238;-0,451;-0,583;-0,398;-0,495;-0,674;1,882;5,768;-0,791
"break";-0,25;-0,329;-0,365;-0,479;-0,181;2,036;-0,388;-0,264;-0,329;-0,448;-0,202;26,233;-0,526
"bear";-0,187;-0,246;-0,274;-0,359;-0,136;-0,225;2,268;3,847;-0,246;1,818;-0,151;-0,246;-0,394
"archival";-0,44;0,46;-0,642;0,099;1,704;0,593;0,267;-0,465;-0,578;0,143;-0,355;0,46;-0,925
"aim";-0,313;-0,412;0,901;-0,599;-0,227;21,989;-0,485;-0,331;-0,412;-0,561;-0,253;-0,412;0,351
"aid";-0,313;1,119;0,901;4,574;-0,227;-0,375;-0,485;1,668;-0,412;-0,561;-0,253;-0,412;-0,658
"academia";-0,377;-0,495;0,553;3,285;-0,273;-0,451;-0,583;-0,398;0,721;0,297;-0,304;-0,495;0,155
"www";-0,377;-0,495;-0,55;3,285;-0,273;-0,451;-0,583;-0,398;-0,495;0,297;27,23;-0,495;-0,791
"video";-0,313;-0,412;-0,457;25,519;-0,227;-0,375;-0,485;-0,331;1,119;-0,561;-0,253;-0,412;-0,658
"university";-0,25;-0,329;-0,365;33,832;-0,181;-0,3;-0,388;-0,264;-0,329;-0,448;-0,202;-0,329;-0,526
"sociology";-0,313;-0,412;33,939;0,465;-0,227;-0,375;-0,485;-0,331;-0,412;-0,561;-0,253;-0,412;-0,658
"shift";-0,25;-0,329;-0,365;0,875;-0,181;-0,3;1,321;2,469;1,756;-0,448;-0,202;-0,329;-0,526
"service";-0,25;-0,329;-0,365;-0,479;-0,181;-0,3;-0,388;-0,264;1,756;7,14;-0,202;-0,329;0,712
"scientist";-0,25;1,756;-0,365;-0,479;4,172;-0,3;1,321;2,469;-0,329;-0,448;-0,202;-0,329;-0,526
"scale";-0,313;1,119;6,629;-0,599;-0,227;1,333;-0,485;-0,331;1,119;-0,561;-0,253;-0,412;-0,658
"right";-0,313;-0,412;6,629;4,574;-0,227;-0,375;-0,485;1,668;-0,412;-0,561;-0,253;-0,412;-0,658
"rethink";-0,313;-0,412;-0,457;-0,599;-0,227;1,333;-0,485;-0,331;1,119;0,557;-0,253;7,601;-0,658
"quantitative";1,284;-0,495;0,553;9,878;-0,273;-0,451;-0,583;-0,398;0,721;-0,674;-0,304;-0,495;-0,791
"opinion";-0,313;-0,412;-0,457;4,574;-0,227;1,333;0,791;-0,331;1,119;-0,561;-0,253;-0,412;-0,658
"multiple";1,284;0,721;0,553;-0,72;-0,273;0,889;-0,583;1,155;-0,495;0,297;-0,304;-0,495;-0,791
"m";-0,377;-0,495;4,967;3,285;2,238;-0,451;-0,583;1,155;-0,495;-0,674;-0,304;-0,495;-0,791
"lot";-0,377;0,721;-0,55;0,232;-0,273;-0,451;0,47;1,155;5,768;-0,674;-0,304;-0,495;-0,791
"live";-0,25;-0,329;1,468;-0,479;4,172;-0,3;1,321;2,469;-0,329;-0,448;-0,202;-0,329;-0,526
"interactive";-0,377;0,721;4,967;0,232;-0,273;0,889;-0,583;-0,398;0,721;-0,674;-0,304;-0,495;-0,791
"interact";-0,377;-0,495;-0,55;3,285;-0,273;-0,451;0,47;1,155;-0,495;-0,674;-0,304;0,721;0,155
"institutional";-0,313;-0,412;-0,457;-0,599;-0,227;-0,375;-0,485;9,975;19,859;-0,561;-0,253;-0,412;-0,658
"ict";2,676;-0,329;-0,365;-0,479;-0,181;-0,3;-0,388;-0,264;-0,329;1,003;-0,202;-0,329;5,82
"good";-0,313;-0,412;-0,457;4,574;-0,227;-0,375;-0,485;-0,331;1,119;-0,561;-0,253;1,119;0,351
"goal";-0,377;-0,495;0,553;0,232;12,353;-0,451;-0,583;7,73;-0,495;-0,674;-0,304;-0,495;-0,791
"evolution";-0,187;-0,246;-0,274;-0,359;-0,136;-0,225;-0,29;-0,198;-0,246;10,733;-0,151;-0,246;1,398
"epistemological";1,829;1,119;0,901;0,465;-0,227;-0,375;-0,485;-0,331;1,119;-0,561;-0,253;-0,412;-0,658
"engineer";2,676;1,756;-0,365;0,875;-0,181;2,036;-0,388;-0,264;-0,329;-0,448;-0,202;-0,329;-0,526
"emergent";1,829;-0,412;0,901;0,465;-0,227;1,333;-0,485;-0,331;-0,412;0,557;-0,253;-0,412;-0,658
"embody";-0,25;-0,329;-0,365;0,875;4,172;-0,3;-0,388;-0,264;-0,329;1,003;3,619;-0,329;-0,526
"edition";-0,25;-0,329;-0,365;-0,479;20,349;-0,3;-0,388;2,469;1,756;-0,448;-0,202;-0,329;-0,526
"easily";-0,313;1,119;0,901;-0,599;-0,227;1,333;-0,485;-0,331;1,119;-0,561;-0,253;-0,412;0,351
"distinguish";-0,313;-0,412;6,629;-0,599;-0,227;-0,375;-0,485;9,975;1,119;-0,561;-0,253;-0,412;-0,658
"discover";1,829;-0,412;-0,457;0,465;3,003;-0,375;-0,485;-0,331;-0,412;0,557;-0,253;-0,412;0,351
"department";-0,25;-0,329;-0,365;33,832;-0,181;-0,3;-0,388;-0,264;-0,329;-0,448;-0,202;-0,329;-0,526
"critically";-0,377;-0,495;4,967;0,232;-0,273;0,889;-0,583;-0,398;5,768;-0,674;-0,304;-0,495;-0,791
"core";-0,377;0,721;0,553;0,232;-0,273;-0,451;0,47;-0,398;-0,495;3,654;-0,304;-0,495;-0,791
"convergence";-0,313;1,119;-0,457;25,519;-0,227;-0,375;-0,485;-0,331;-0,412;-0,561;-0,253;-0,412;-0,658
"component";-0,313;-0,412;-0,457;4,574;-0,227;-0,375;-0,485;-0,331;-0,412;-0,561;-0,253;7,601;0,351
"complex";-0,313;-0,412;-0,457;0,465;-0,227;-0,375;-0,485;1,668;-0,412;-0,561;-0,253;19,859;-0,658
"complete";-0,377;-0,495;-0,55;3,285;-0,273;6,541;-0,583;-0,398;0,721;-0,674;-0,304;0,721;-0,791
"code";-0,377;5,768;-0,55;0,232;-0,273;-0,451;-0,583;-0,398;15,634;-0,674;-0,304;-0,495;-0,791
"borrow";2,676;-0,329;-0,365;-0,479;-0,181;-0,3;-0,388;2,469;10,391;-0,448;-0,202;-0,329;-0,526
"bite";-0,377;-0,495;-0,55;-0,72;12,353;0,889;-0,583;7,73;0,721;-0,674;-0,304;-0,495;-0,791
"benefit";-0,377;-0,495;-0,55;0,232;-0,273;0,889;0,47;-0,398;-0,495;0,297;-0,304;0,721;0,155
"begin";-0,25;-0,329;-0,365;33,832;-0,181;-0,3;-0,388;-0,264;-0,329;-0,448;-0,202;-0,329;-0,526
"advantage";-0,377;-0,495;4,967;-0,72;-0,273;-0,451;0,47;-0,398;-0,495;0,297;-0,304;0,721;0,155
"writer";-0,25;-0,329;1,468;0,875;4,172;-0,3;-0,388;2,469;-0,329;-0,448;-0,202;-0,329;-0,526
"website";-0,313;-0,412;-0,457;0,465;3,003;-0,375;-0,485;-0,331;-0,412;0,557;2,567;1,119;-0,658
"visualize";-0,25;10,391;-0,365;-0,479;-0,181;-0,3;1,321;-0,264;1,756;-0,448;-0,202;-0,329;-0,526
"visual";-0,25;-0,329;1,468;6,565;-0,181;-0,3;1,321;-0,264;-0,329;-0,448;-0,202;-0,329;-0,526
"vague";-0,25;-0,329;1,468;0,875;-0,181;-0,3;-0,388;13,373;-0,329;-0,448;-0,202;-0,329;-0,526
"understanding";-0,187;-0,246;-0,274;1,635;-0,136;3,255;-0,29;-0,198;-0,246;-0,335;5,404;-0,246;-0,394
"uncover";20,219;-0,246;2,472;-0,359;-0,136;-0,225;-0,29;-0,198;-0,246;-0,335;-0,151;-0,246;-0,394
"transformation";-0,25;1,756;-0,365;-0,479;-0,181;-0,3;1,321;2,469;1,756;-0,448;-0,202;-0,329;-0,526
"tradition";1,829;-0,412;-0,457;0,465;-0,227;-0,375;-0,485;-0,331;-0,412;-0,561;13,745;1,119;-0,658
"theorize";-0,187;2,87;-0,274;1,635;-0,136;-0,225;-0,29;-0,198;-0,246;1,818;-0,151;-0,246;-0,394
"textual";-0,25;1,756;-0,365;6,565;-0,181;-0,3;1,321;-0,264;-0,329;-0,448;-0,202;-0,329;-0,526
"synthesis";2,676;-0,329;-0,365;0,875;-0,181;-0,3;-0,388;-0,264;-0,329;1,003;3,619;-0,329;-0,526
"subset";-0,313;-0,412;-0,457;-0,599;-0,227;-0,375;0,791;1,668;7,601;-0,561;2,567;-0,412;-0,658
"stuff";-0,187;-0,246;-0,274;1,635;-0,136;-0,225;-0,29;3,847;2,87;-0,335;-0,151;-0,246;-0,394
"skill";-0,313;1,119;0,901;12,925;-0,227;-0,375;-0,485;-0,331;-0,412;-0,561;-0,253;-0,412;-0,658
"short";-0,313;-0,412;-0,457;25,519;-0,227;-0,375;-0,485;1,668;-0,412;-0,561;-0,253;-0,412;-0,658
"relevant";-0,313;-0,412;-0,457;-0,599;3,003;-0,375;0,791;1,668;-0,412;-0,561;-0,253;7,601;-0,658
"refer";-0,313;-0,412;-0,457;4,574;-0,227;-0,375;-0,485;9,975;-0,412;-0,561;2,567;-0,412;-0,658
"real";-0,313;1,119;-0,457;-0,599;3,003;1,333;-0,485;1,668;-0,412;-0,561;2,567;-0,412;-0,658
"promote";1,829;1,119;-0,457;-0,599;3,003;1,333;-0,485;-0,331;-0,412;0,557;-0,253;-0,412;-0,658
"previously";-0,313;37,892;-0,457;-0,599;-0,227;-0,375;-0,485;-0,331;-0,412;-0,561;-0,253;1,119;-0,658
"powerful";1,829;-0,412;0,901;4,574;-0,227;-0,375;-0,485;-0,331;-0,412;-0,561;-0,253;-0,412;0,351
"pedagogical";-0,313;-0,412;-0,457;0,465;-0,227;1,333;0,791;-0,331;-0,412;0,557;-0,253;1,119;-0,658
"outcome";-0,187;-0,246;2,472;-0,359;-0,136;3,255;-0,29;3,847;-0,246;-0,335;-0,151;-0,246;-0,394
"organize";-0,313;-0,412;0,901;-0,599;-0,227;-0,375;-0,485;9,975;1,119;-0,561;-0,253;1,119;-0,658
"ongoing";-0,25;-0,329;-0,365;-0,479;-0,181;28,897;-0,388;-0,264;1,756;-0,448;-0,202;-0,329;-0,526
"norm";-0,187;-0,246;-0,274;1,635;-0,136;-0,225;-0,29;3,847;2,87;-0,335;-0,151;-0,246;-0,394
"movement";-0,313;-0,412;-0,457;0,465;3,003;1,333;-0,485;-0,331;1,119;-0,561;2,567;-0,412;-0,658
"literacy";-0,313;-0,412;0,901;4,574;-0,227;-0,375;-0,485;1,668;1,119;-0,561;-0,253;-0,412;-0,658
"librarian";-0,313;1,119;-0,457;-0,599;-0,227;-0,375;0,791;9,975;1,119;-0,561;-0,253;-0,412;-0,658
"liberal";-0,25;-0,329;-0,365;0,875;-0,181;2,036;1,321;-0,264;-0,329;1,003;-0,202;-0,329;-0,526
"leave";-0,313;-0,412;6,629;0,465;3,003;-0,375;-0,485;-0,331;-0,412;-0,561;-0,253;1,119;-0,658
"late";-0,187;2,87;-0,274;-0,359;-0,136;-0,225;-0,29;-0,198;-0,246;-0,335;-0,151;15,09;-0,394
"largely";-0,187;-0,246;-0,274;1,635;-0,136;-0,225;-0,29;3,847;2,87;-0,335;-0,151;-0,246;-0,394
"interconnect";-0,187;2,87;-0,274;-0,359;-0,136;-0,225;2,268;-0,198;-0,246;1,818;-0,151;-0,246;-0,394
"integration";2,676;-0,329;-0,365;-0,479;-0,181;-0,3;1,321;-0,264;-0,329;1,003;-0,202;1,756;-0,526
"innovation";-0,25;1,756;1,468;6,565;-0,181;-0,3;-0,388;-0,264;-0,329;-0,448;-0,202;-0,329;-0,526
"informatics";-0,25;-0,329;1,468;-0,479;-0,181;2,036;-0,388;2,469;-0,329;1,003;-0,202;-0,329;-0,526
"imply";-0,313;-0,412;-0,457;-0,599;-0,227;21,989;6,129;-0,331;-0,412;-0,561;-0,253;-0,412;-0,658
"imagine";-0,25;-0,329;1,468;-0,479;-0,181;-0,3;1,321;-0,264;-0,329;7,14;-0,202;-0,329;-0,526
"huge";-0,313;-0,412;-0,457;25,519;-0,227;1,333;-0,485;-0,331;-0,412;-0,561;-0,253;-0,412;-0,658
"hard";-0,187;-0,246;-0,274;-0,359;6,148;-0,225;-0,29;3,847;2,87;-0,335;-0,151;-0,246;-0,394
"gather";-0,187;-0,246;2,472;-0,359;-0,136;-0,225;2,268;-0,198;-0,246;-0,335;-0,151;-0,246;1,398
"gain";-0,313;7,601;0,901;-0,599;-0,227;-0,375;-0,485;1,668;1,119;-0,561;-0,253;-0,412;-0,658
"function";-0,187;2,87;-0,274;-0,359;-0,136;3,255;-0,29;-0,198;-0,246;-0,335;-0,151;-0,246;1,398
"finding";-0,25;1,756;-0,365;-0,479;-0,181;28,897;-0,388;-0,264;-0,329;-0,448;-0,202;-0,329;-0,526
"extension";-0,313;1,119;6,629;-0,599;-0,227;-0,375;-0,485;-0,331;-0,412;0,557;-0,253;1,119;-0,658
"expertise";-0,313;-0,412;-0,457;-0,599;-0,227;21,989;-0,485;9,975;-0,412;-0,561;-0,253;-0,412;-0,658
"essentially";1,829;-0,412;-0,457;-0,599;3,003;-0,375;-0,485;1,668;1,119;-0,561;-0,253;1,119;-0,658
"endeavor";-0,25;1,756;-0,365;-0,479;-0,181;-0,3;1,321;-0,264;-0,329;7,14;-0,202;-0,329;-0,526
"encode";-0,313;1,119;17,642;0,465;-0,227;-0,375;-0,485;-0,331;-0,412;-0,561;-0,253;-0,412;-0,658
"educational";-0,25;1,756;1,468;0,875;-0,181;-0,3;-0,388;-0,264;-0,329;1,003;-0,202;-0,329;-0,526
"discourse";-0,313;-0,412;6,629;4,574;-0,227;-0,375;-0,485;1,668;-0,412;-0,561;-0,253;-0,412;-0,658
"disciplinary";2,676;-0,329;-0,365;-0,479;4,172;-0,3;1,321;-0,264;-0,329;1,003;-0,202;-0,329;-0,526
"digitize";-0,25;-0,329;1,468;-0,479;-0,181;2,036;1,321;-0,264;-0,329;1,003;-0,202;-0,329;-0,526
"determine";-0,25;1,756;1,468;-0,479;4,172;-0,3;-0,388;-0,264;1,756;-0,448;-0,202;-0,329;-0,526
"depend";-0,313;-0,412;-0,457;0,465;-0,227;-0,375;-0,485;1,668;19,859;-0,561;-0,253;-0,412;-0,658
"deep";-0,313;-0,412;-0,457;0,465;69,919;-0,375;-0,485;-0,331;-0,412;-0,561;-0,253;-0,412;-0,658
"database";-0,25;-0,329;1,468;6,565;-0,181;-0,3;1,321;-0,264;-0,329;-0,448;-0,202;-0,329;-0,526
"cross";-0,25;-0,329;1,468;0,875;-0,181;-0,3;1,321;-0,264;-0,329;1,003;-0,202;-0,329;-0,526
"connection";-0,313;19,859;0,901;-0,599;-0,227;-0,375;-0,485;-0,331;-0,412;0,557;-0,253;-0,412;-0,658
"conceive";-0,313;1,119;-0,457;4,574;-0,227;1,333;-0,485;-0,331;-0,412;-0,561;-0,253;1,119;-0,658
"computation";2,676;1,756;-0,365;-0,479;-0,181;-0,3;-0,388;13,373;-0,329;-0,448;-0,202;-0,329;-0,526
"common";-0,313;1,119;0,901;-0,599;-0,227;-0,375;-0,485;1,668;1,119;-0,561;-0,253;1,119;-0,658
"commit";-0,313;19,859;-0,457;-0,599;-0,227;1,333;-0,485;-0,331;1,119;-0,561;-0,253;-0,412;-0,658
"collect";-0,25;10,391;-0,365;-0,479;-0,181;-0,3;-0,388;2,469;1,756;-0,448;-0,202;-0,329;-0,526
"classroom";-0,187;-0,246;2,472;1,635;-0,136;-0,225;-0,29;-0,198;-0,246;-0,335;5,404;-0,246;-0,394
"capability";-0,25;1,756;1,468;0,875;-0,181;-0,3;1,321;-0,264;-0,329;-0,448;-0,202;-0,329;-0,526
"blog";-0,25;1,756;-0,365;-0,479;-0,181;-0,3;-0,388;-0,264;-0,329;-0,448;3,619;10,391;-0,526
"basic";-0,25;-0,329;23,459;-0,479;-0,181;-0,3;1,321;-0,264;-0,329;-0,448;-0,202;-0,329;-0,526
"back";-0,187;-0,246;2,472;1,635;-0,136;-0,225;-0,29;-0,198;-0,246;-0,335;-0,151;2,87;-0,394
"assist";-0,187;-0,246;-0,274;-0,359;-0,136;-0,225;12,605;3,847;-0,246;-0,335;-0,151;-0,246;-0,394
"array";1,829;1,119;-0,457;0,465;-0,227;-0,375;-0,485;1,668;-0,412;-0,561;-0,253;1,119;-0,658
"affordances";-0,313;-0,412;0,901;-0,599;3,003;-0,375;0,791;-0,331;1,119;-0,561;-0,253;-0,412;0,351
"accessible";-0,313;-0,412;6,629;-0,599;3,003;1,333;-0,485;-0,331;1,119;-0,561;-0,253;-0,412;-0,658
"willingness";-0,25;1,756;-0,365;0,875;-0,181;-0,3;1,321;-0,264;1,756;-0,448;-0,202;-0,329;-0,526
"transfer";-0,25;-0,329;9,166;0,875;-0,181;-0,3;-0,388;-0,264;-0,329;-0,448;3,619;-0,329;-0,526
"thinker";-0,25;1,756;9,166;0,875;-0,181;-0,3;-0,388;-0,264;-0,329;-0,448;-0,202;-0,329;-0,526
"theorise";-0,187;2,87;-0,274;-0,359;-0,136;-0,225;-0,29;-0,198;-0,246;-0,335;-0,151;2,87;1,398
"tell";-0,25;-0,329;1,468;6,565;-0,181;-0,3;-0,388;-0,264;-0,329;-0,448;-0,202;1,756;-0,526
"strong";-0,187;-0,246;-0,274;1,635;-0,136;-0,225;2,268;-0,198;2,87;-0,335;-0,151;-0,246;-0,394
"storage";-0,187;-0,246;13,45;-0,359;-0,136;-0,225;2,268;-0,198;-0,246;-0,335;-0,151;-0,246;-0,394
"state";-0,25;-0,329;1,468;-0,479;-0,181;-0,3;1,321;2,469;-0,329;-0,448;-0,202;1,756;-0,526
"special";-0,187;2,87;-0,274;-0,359;-0,136;-0,225;-0,29;-0,198;2,87;-0,335;-0,151;-0,246;1,398
"solve";-0,187;-0,246;-0,274;-0,359;-0,136;3,255;-0,29;3,847;-0,246;-0,335;-0,151;-0,246;1,398
"shape";-0,187;-0,246;-0,274;-0,359;-0,136;-0,225;2,268;-0,198;2,87;-0,335;-0,151;2,87;-0,394
"rich";-0,187;-0,246;2,472;1,635;-0,136;-0,225;-0,29;-0,198;2,87;-0,335;-0,151;-0,246;-0,394
"respond";2,676;-0,329;-0,365;0,875;-0,181;-0,3;-0,388;-0,264;1,756;-0,448;3,619;-0,329;-0,526
"relation";-0,25;-0,329;-0,365;0,875;-0,181;-0,3;-0,388;-0,264;1,756;1,003;-0,202;1,756;-0,526
"redefine";2,676;1,756;-0,365;-0,479;-0,181;-0,3;-0,388;-0,264;-0,329;-0,448;-0,202;10,391;-0,526
"quest";-0,25;1,756;-0,365;-0,479;-0,181;-0,3;-0,388;-0,264;1,756;-0,448;-0,202;1,756;0,712
"qualitative";-0,187;-0,246;-0,274;9,96;-0,136;-0,225;-0,29;-0,198;-0,246;1,818;-0,151;-0,246;-0,394
"professional";-0,25;-0,329;1,468;0,875;4,172;2,036;-0,388;-0,264;-0,329;-0,448;-0,202;-0,329;-0,526
"problematic";-0,25;-0,329;-0,365;-0,479;-0,181;-0,3;-0,388;-0,264;49,283;-0,448;-0,202;-0,329;-0,526
"principle";-0,25;-0,329;-0,365;33,832;-0,181;-0,3;-0,388;-0,264;-0,329;-0,448;-0,202;-0,329;-0,526
"preserve";4,128;-0,246;-0,274;-0,359;-0,136;-0,225;-0,29;-0,198;-0,246;-0,335;-0,151;2,87;1,398
"pose";-0,25;-0,329;-0,365;-0,479;-0,181;-0,3;-0,388;-0,264;-0,329;-0,448;-0,202;49,283;-0,526
"portion";-0,25;-0,329;-0,365;6,565;20,349;-0,3;-0,388;-0,264;-0,329;-0,448;-0,202;-0,329;-0,526
"political";-0,187;2,87;-0,274;1,635;-0,136;-0,225;-0,29;-0,198;2,87;-0,335;-0,151;-0,246;-0,394
"phenomenon";-0,25;-0,329;-0,365;0,875;-0,181;-0,3;-0,388;-0,264;-0,329;1,003;-0,202;-0,329;5,82
"personal";-0,187;-0,246;2,472;-0,359;6,148;-0,225;-0,29;-0,198;2,87;-0,335;-0,151;-0,246;-0,394
"perform";-0,25;-0,329;1,468;17,551;-0,181;-0,3;-0,388;-0,264;-0,329;-0,448;-0,202;-0,329;-0,526
"participant";-0,25;1,756;1,468;0,875;-0,181;-0,3;-0,388;-0,264;1,756;-0,448;-0,202;-0,329;-0,526
"numb";-0,25;1,756;-0,365;0,875;-0,181;-0,3;-0,388;-0,264;10,391;-0,448;-0,202;-0,329;-0,526
"multi";-0,187;-0,246;-0,274;1,635;-0,136;-0,225;-0,29;19,077;-0,246;-0,335;-0,151;-0,246;-0,394
"merge";-0,25;-0,329;1,468;6,565;-0,181;-0,3;-0,388;-0,264;1,756;-0,448;-0,202;-0,329;-0,526
"meaning";-0,25;-0,329;-0,365;0,875;-0,181;-0,3;1,321;-0,264;1,756;1,003;-0,202;-0,329;-0,526
"mark";-0,25;10,391;-0,365;-0,479;4,172;-0,3;-0,388;-0,264;1,756;-0,448;-0,202;-0,329;-0,526
"manipulate";-0,25;-0,329;-0,365;-0,479;-0,181;-0,3;-0,388;-0,264;1,756;1,003;-0,202;1,756;0,712
"management";-0,187;2,87;-0,274;1,635;-0,136;-0,225;-0,29;-0,198;2,87;-0,335;-0,151;-0,246;-0,394
"main";-0,25;-0,329;-0,365;-0,479;4,172;-0,3;-0,388;2,469;-0,329;1,003;-0,202;1,756;-0,526
"light";-0,187;-0,246;-0,274;-0,359;-0,136;-0,225;12,605;-0,198;-0,246;-0,335;-0,151;2,87;-0,394
"library";-0,25;-0,329;9,166;6,565;-0,181;-0,3;-0,388;-0,264;-0,329;-0,448;-0,202;-0,329;-0,526
"lens";2,676;-0,329;-0,365;0,875;-0,181;2,036;-0,388;-0,264;-0,329;1,003;-0,202;-0,329;-0,526
"label";-0,187;-0,246;-0,274;-0,359;-0,136;3,255;-0,29;-0,198;2,87;-0,335;-0,151;-0,246;1,398
"interrogate";4,128;-0,246;-0,274;-0,359;-0,136;-0,225;-0,29;-0,198;-0,246;-0,335;5,404;2,87;-0,394
"interface";-0,187;-0,246;-0,274;1,635;-0,136;-0,225;2,268;-0,198;-0,246;-0,335;-0,151;2,87;-0,394
"incorporation";-0,25;-0,329;-0,365;-0,479;-0,181;-0,3;-0,388;-0,264;1,756;-0,448;-0,202;10,391;0,712
"impossible";-0,187;-0,246;2,472;1,635;-0,136;-0,225;-0,29;-0,198;-0,246;1,818;-0,151;-0,246;-0,394
"importantly";-0,25;1,756;-0,365;-0,479;4,172;-0,3;-0,388;-0,264;1,756;-0,448;-0,202;-0,329;0,712
"hide";-0,25;1,756;1,468;0,875;4,172;-0,3;-0,388;-0,264;-0,329;-0,448;-0,202;-0,329;-0,526
"grow";-0,25;-0,329;-0,365;0,875;-0,181;28,897;-0,388;-0,264;-0,329;-0,448;-0,202;-0,329;-0,526
"fun";-0,187;-0,246;-0,274;-0,359;-0,136;-0,225;-0,29;3,847;-0,246;1,818;-0,151;-0,246;1,398
"framework";-0,187;-0,246;-0,274;1,635;6,148;-0,225;-0,29;3,847;-0,246;-0,335;-0,151;-0,246;-0,394
"format";-0,187;-0,246;2,472;-0,359;-0,136;3,255;-0,29;-0,198;-0,246;-0,335;-0,151;2,87;-0,394
"foreground";-0,187;-0,246;13,45;-0,359;-0,136;-0,225;-0,29;-0,198;-0,246;1,818;-0,151;-0,246;-0,394
"folk";-0,187;-0,246;-0,274;-0,359;-0,136;-0,225;-0,29;45,887;-0,246;-0,335;-0,151;-0,246;-0,394
"fiction";-0,187;-0,246;-0,274;9,96;-0,136;-0,225;-0,29;3,847;-0,246;-0,335;-0,151;-0,246;-0,394
"fall";-0,25;1,756;-0,365;0,875;4,172;2,036;-0,388;-0,264;-0,329;-0,448;-0,202;-0,329;-0,526
"event";-0,25;1,756;-0,365;-0,479;-0,181;-0,3;-0,388;-0,264;26,233;-0,448;-0,202;-0,329;-0,526
"emergence";-0,25;-0,329;-0,365;-0,479;-0,181;-0,3;22,028;2,469;-0,329;-0,448;-0,202;-0,329;-0,526
"effort";-0,25;-0,329;1,468;6,565;-0,181;-0,3;-0,388;2,469;-0,329;-0,448;-0,202;-0,329;-0,526
"easy";-0,187;-0,246;-0,274;-0,359;-0,136;-0,225;2,268;-0,198;-0,246;1,818;-0,151;-0,246;1,398
"dynamic";-0,25;1,756;1,468;-0,479;-0,181;-0,3;-0,388;2,469;-0,329;-0,448;-0,202;1,756;-0,526
"distinct";14,229;-0,329;-0,365;-0,479;-0,181;2,036;-0,388;-0,264;1,756;-0,448;-0,202;-0,329;-0,526
"discovery";-0,25;-0,329;-0,365;-0,479;-0,181;2,036;1,321;2,469;-0,329;-0,448;-0,202;-0,329;0,712
"deeply";-0,25;10,391;1,468;-0,479;-0,181;-0,3;-0,388;-0,264;1,756;-0,448;-0,202;-0,329;-0,526
"decade";-0,187;-0,246;-0,274;1,635;-0,136;3,255;-0,29;-0,198;2,87;-0,335;-0,151;-0,246;-0,394
"curation";-0,25;1,756;-0,365;-0,479;-0,181;-0,3;1,321;2,469;-0,329;1,003;-0,202;-0,329;-0,526
"creativity";-0,187;2,87;2,472;-0,359;-0,136;-0,225;-0,29;-0,198;-0,246;1,818;-0,151;-0,246;-0,394
"conventional";2,676;-0,329;-0,365;0,875;-0,181;2,036;-0,388;-0,264;-0,329;-0,448;-0,202;1,756;-0,526
"consume";-0,25;-0,329;9,166;0,875;-0,181;2,036;-0,388;-0,264;-0,329;-0,448;-0,202;-0,329;-0,526
"consciously";-0,187;-0,246;-0,274;-0,359;-0,136;3,255;2,268;-0,198;2,87;-0,335;-0,151;-0,246;-0,394
"claim";-0,187;-0,246;2,472;-0,359;-0,136;3,255;-0,29;3,847;-0,246;-0,335;-0,151;-0,246;-0,394
"center";-0,25;-0,329;23,459;0,875;-0,181;-0,3;-0,388;-0,264;-0,329;-0,448;-0,202;-0,329;-0,526
"carry";-0,25;-0,329;-0,365;0,875;20,349;-0,3;-0,388;-0,264;-0,329;-0,448;3,619;-0,329;-0,526
"capacity";-0,187;2,87;13,45;-0,359;-0,136;-0,225;-0,29;-0,198;-0,246;-0,335;-0,151;-0,246;-0,394
"body";-0,187;2,87;-0,274;9,96;-0,136;-0,225;-0,29;-0,198;-0,246;-0,335;-0,151;-0,246;-0,394
"blogs";-0,25;-0,329;1,468;0,875;-0,181;-0,3;-0,388;2,469;-0,329;-0,448;3,619;-0,329;-0,526
"augment";-0,187;-0,246;-0,274;-0,359;-0,136;3,255;-0,29;3,847;-0,246;-0,335;-0,151;2,87;-0,394
"animal";-0,187;2,87;2,472;-0,359;-0,136;-0,225;-0,29;-0,198;2,87;-0,335;-0,151;-0,246;-0,394
"adopt";2,676;-0,329;-0,365;0,875;-0,181;-0,3;-0,388;-0,264;-0,329;1,003;-0,202;1,756;-0,526
"xml";-0,187;-0,246;2,472;9,96;-0,136;-0,225;-0,29;-0,198;-0,246;-0,335;-0,151;-0,246;-0,394
"utilization";-0,187;-0,246;-0,274;-0,359;-0,136;3,255;2,268;-0,198;-0,246;-0,335;5,404;-0,246;-0,394
"ubiquitous";-0,187;2,87;-0,274;9,96;-0,136;-0,225;-0,29;-0,198;-0,246;-0,335;-0,151;-0,246;-0,394
"trend";4,128;-0,246;2,472;-0,359;-0,136;-0,225;-0,29;3,847;-0,246;-0,335;-0,151;-0,246;-0,394
"transmission";-0,187;-0,246;2,472;-0,359;-0,136;-0,225;-0,29;-0,198;15,09;-0,335;-0,151;-0,246;-0,394
"thoughtful";-0,187;-0,246;-0,274;1,635;-0,136;3,255;-0,29;-0,198;-0,246;-0,335;5,404;-0,246;-0,394
"terras";-0,187;-0,246;-0,274;1,635;-0,136;-0,225;-0,29;19,077;-0,246;-0,335;-0,151;-0,246;-0,394
"talk";-0,187;-0,246;2,472;1,635;-0,136;-0,225;-0,29;-0,198;-0,246;1,818;-0,151;-0,246;-0,394
"suggest";-0,187;-0,246;-0,274;1,635;-0,136;-0,225;-0,29;3,847;-0,246;-0,335;-0,151;2,87;-0,394
"stand";-0,187;-0,246;2,472;-0,359;-0,136;-0,225;-0,29;3,847;-0,246;-0,335;-0,151;2,87;-0,394
"sphere";-0,187;15,09;-0,274;-0,359;-0,136;-0,225;-0,29;-0,198;2,87;-0,335;-0,151;-0,246;-0,394
"sound";4,128;2,87;2,472;-0,359;-0,136;-0,225;-0,29;-0,198;-0,246;-0,335;-0,151;-0,246;-0,394
"sort";-0,187;-0,246;-0,274;1,635;-0,136;-0,225;2,268;-0,198;2,87;-0,335;-0,151;-0,246;-0,394
"scope";-0,187;-0,246;-0,274;-0,359;-0,136;-0,225;2,268;-0,198;2,87;-0,335;-0,151;-0,246;1,398
"rubric";-0,187;-0,246;-0,274;9,96;-0,136;-0,225;-0,29;-0,198;2,87;-0,335;-0,151;-0,246;-0,394
"require";-0,187;-0,246;2,472;-0,359;-0,136;3,255;2,268;-0,198;-0,246;-0,335;-0,151;-0,246;-0,394
"remix";-0,187;-0,246;2,472;-0,359;-0,136;-0,225;2,268;-0,198;-0,246;-0,335;-0,151;2,87;-0,394
"recent";-0,187;-0,246;-0,274;1,635;-0,136;-0,225;-0,29;3,847;2,87;-0,335;-0,151;-0,246;-0,394
"reader";-0,187;-0,246;-0,274;9,96;-0,136;-0,225;-0,29;3,847;-0,246;-0,335;-0,151;-0,246;-0,394
"reach";-0,187;2,87;-0,274;-0,359;-0,136;-0,225;-0,29;3,847;-0,246;-0,335;-0,151;2,87;-0,394
"radically";-0,187;-0,246;-0,274;1,635;-0,136;-0,225;-0,29;-0,198;2,87;-0,335;-0,151;2,87;-0,394
"procedure";-0,187;-0,246;2,472;-0,359;-0,136;3,255;-0,29;-0,198;-0,246;-0,335;-0,151;-0,246;1,398
"primarily";-0,187;2,87;-0,274;1,635;-0,136;-0,225;-0,29;-0,198;-0,246;1,818;-0,151;-0,246;-0,394
"pretty";-0,187;-0,246;-0,274;1,635;6,148;-0,225;-0,29;3,847;-0,246;-0,335;-0,151;-0,246;-0,394
"potentially";4,128;-0,246;2,472;-0,359;-0,136;-0,225;-0,29;3,847;-0,246;-0,335;-0,151;-0,246;-0,394
"position";-0,187;-0,246;2,472;-0,359;-0,136;-0,225;-0,29;3,847;2,87;-0,335;-0,151;-0,246;-0,394
"personally";-0,187;-0,246;-0,274;-0,359;-0,136;-0,225;-0,29;19,077;2,87;-0,335;-0,151;-0,246;-0,394
"outreach";-0,187;-0,246;-0,274;-0,359;-0,136;-0,225;-0,29;-0,198;-0,246;1,818;-0,151;2,87;1,398
"organization";-0,187;-0,246;-0,274;1,635;-0,136;-0,225;-0,29;-0,198;2,87;1,818;-0,151;-0,246;-0,394
"openness";-0,187;2,87;-0,274;-0,359;-0,136;-0,225;-0,29;-0,198;2,87;1,818;-0,151;-0,246;-0,394
"observe";-0,187;-0,246;33,209;-0,359;-0,136;-0,225;-0,29;-0,198;-0,246;-0,335;-0,151;-0,246;-0,394
"numerous";-0,187;-0,246;-0,274;9,96;-0,136;-0,225;-0,29;3,847;-0,246;-0,335;-0,151;-0,246;-0,394
"note";-0,187;-0,246;2,472;-0,359;-0,136;-0,225;2,268;-0,198;-0,246;1,818;-0,151;-0,246;-0,394
"natural";-0,187;-0,246;-0,274;-0,359;6,148;3,255;-0,29;-0,198;-0,246;1,818;-0,151;-0,246;-0,394
"matthew";-0,187;-0,246;-0,274;9,96;-0,136;-0,225;-0,29;-0,198;2,87;-0,335;-0,151;-0,246;-0,394
"materiality";-0,187;2,87;-0,274;-0,359;-0,136;-0,225;-0,29;3,847;-0,246;1,818;-0,151;-0,246;-0,394
"manner";20,219;-0,246;2,472;-0,359;-0,136;-0,225;-0,29;-0,198;-0,246;-0,335;-0,151;-0,246;-0,394
"linguistics";-0,187;-0,246;2,472;1,635;-0,136;-0,225;-0,29;3,847;-0,246;-0,335;-0,151;-0,246;-0,394
"leverage";-0,187;-0,246;-0,274;9,96;-0,136;-0,225;2,268;-0,198;-0,246;-0,335;-0,151;-0,246;-0,394
"key";-0,187;-0,246;-0,274;1,635;-0,136;3,255;-0,29;-0,198;-0,246;1,818;-0,151;-0,246;-0,394
"interpretive";-0,187;2,87;-0,274;-0,359;-0,136;-0,225;-0,29;3,847;2,87;-0,335;-0,151;-0,246;-0,394
"interdisciplinarity";-0,187;-0,246;-0,274;-0,359;-0,136;-0,225;31,303;-0,198;-0,246;-0,335;-0,151;-0,246;-0,394
"integral";-0,187;-0,246;-0,274;1,635;-0,136;-0,225;-0,29;-0,198;2,87;-0,335;-0,151;-0,246;1,398
"hope";-0,187;-0,246;2,472;-0,359;-0,136;3,255;-0,29;-0,198;2,87;-0,335;-0,151;-0,246;-0,394
"historically";-0,187;-0,246;-0,274;1,635;-0,136;-0,225;-0,29;-0,198;-0,246;-0,335;-0,151;15,09;-0,394
"harness";-0,187;2,87;2,472;-0,359;-0,136;-0,225;-0,29;-0,198;-0,246;-0,335;-0,151;2,87;-0,394
"gold";-0,187;-0,246;-0,274;1,635;-0,136;-0,225;-0,29;3,847;2,87;-0,335;-0,151;-0,246;-0,394
"gis";-0,187;-0,246;2,472;1,635;-0,136;-0,225;-0,29;-0,198;2,87;-0,335;-0,151;-0,246;-0,394
"german";-0,187;-0,246;2,472;-0,359;-0,136;-0,225;-0,29;3,847;-0,246;1,818;-0,151;-0,246;-0,394
"fundamentally";-0,187;-0,246;2,472;-0,359;-0,136;-0,225;-0,29;-0,198;2,87;-0,335;-0,151;-0,246;1,398
"formulate";4,128;-0,246;-0,274;1,635;-0,136;-0,225;-0,29;-0,198;-0,246;-0,335;-0,151;2,87;-0,394
"formal";-0,187;-0,246;2,472;1,635;-0,136;-0,225;2,268;-0,198;-0,246;-0,335;-0,151;-0,246;-0,394
"fine";-0,187;-0,246;13,45;1,635;-0,136;-0,225;-0,29;-0,198;-0,246;-0,335;-0,151;-0,246;-0,394
"figure";-0,187;-0,246;-0,274;-0,359;-0,136;-0,225;-0,29;-0,198;2,87;-0,335;-0,151;15,09;-0,394
"fast";-0,187;2,87;-0,274;-0,359;-0,136;3,255;-0,29;-0,198;-0,246;-0,335;-0,151;-0,246;1,398
"familiar";-0,187;-0,246;2,472;-0,359;-0,136;-0,225;-0,29;3,847;-0,246;-0,335;-0,151;2,87;-0,394
"fair";-0,187;-0,246;2,472;1,635;-0,136;-0,225;-0,29;3,847;-0,246;-0,335;-0,151;-0,246;-0,394
"fail";4,128;-0,246;-0,274;-0,359;-0,136;-0,225;-0,29;3,847;2,87;-0,335;-0,151;-0,246;-0,394
"fact";-0,187;-0,246;-0,274;9,96;-0,136;-0,225;-0,29;-0,198;2,87;-0,335;-0,151;-0,246;-0,394
"experimentation";-0,187;2,87;2,472;-0,359;6,148;-0,225;-0,29;-0,198;-0,246;-0,335;-0,151;-0,246;-0,394
"evidence";-0,187;-0,246;2,472;-0,359;-0,136;-0,225;-0,29;-0,198;2,87;-0,335;-0,151;2,87;-0,394
"evaluation";-0,187;2,87;-0,274;-0,359;-0,136;-0,225;-0,29;-0,198;-0,246;10,733;-0,151;-0,246;-0,394
"establish";-0,187;-0,246;-0,274;1,635;-0,136;3,255;-0,29;-0,198;-0,246;1,818;-0,151;-0,246;-0,394
"era";-0,187;-0,246;2,472;-0,359;-0,136;-0,225;2,268;-0,198;2,87;-0,335;-0,151;-0,246;-0,394
"endeavour";-0,187;2,87;2,472;-0,359;6,148;-0,225;-0,29;-0,198;-0,246;-0,335;-0,151;-0,246;-0,394
"employ";20,219;-0,246;-0,274;-0,359;-0,136;-0,225;-0,29;-0,198;-0,246;1,818;-0,151;-0,246;-0,394
"embed";20,219;-0,246;-0,274;1,635;-0,136;-0,225;-0,29;-0,198;-0,246;-0,335;-0,151;-0,246;-0,394
"efficiency";-0,187;-0,246;2,472;-0,359;6,148;-0,225;-0,29;-0,198;-0,246;-0,335;-0,151;-0,246;1,398
"effective";-0,187;-0,246;-0,274;1,635;-0,136;-0,225;-0,29;-0,198;-0,246;-0,335;-0,151;15,09;-0,394
"distribute";-0,187;-0,246;2,472;-0,359;-0,136;-0,225;-0,29;-0,198;-0,246;-0,335;-0,151;15,09;-0,394
"distant";-0,187;2,87;-0,274;1,635;-0,136;-0,225;-0,29;-0,198;-0,246;-0,335;5,404;-0,246;-0,394
"differently";-0,187;15,09;2,472;-0,359;-0,136;-0,225;-0,29;-0,198;-0,246;-0,335;-0,151;-0,246;-0,394
"difference";-0,187;2,87;-0,274;1,635;-0,136;-0,225;-0,29;-0,198;-0,246;-0,335;-0,151;2,87;-0,394
"designer";-0,187;2,87;-0,274;1,635;-0,136;-0,225;-0,29;3,847;-0,246;-0,335;-0,151;-0,246;-0,394
"derive";-0,187;2,87;-0,274;-0,359;-0,136;-0,225;2,268;-0,198;-0,246;1,818;-0,151;-0,246;-0,394
"dependent";-0,187;-0,246;-0,274;1,635;6,148;-0,225;2,268;-0,198;-0,246;-0,335;-0,151;-0,246;-0,394
"democratization";-0,187;-0,246;-0,274;9,96;-0,136;-0,225;-0,29;-0,198;-0,246;-0,335;-0,151;2,87;-0,394
"cut";-0,187;-0,246;2,472;-0,359;6,148;-0,225;-0,29;-0,198;2,87;-0,335;-0,151;-0,246;-0,394
"crossroad";4,128;2,87;-0,274;-0,359;-0,136;-0,225;-0,29;-0,198;-0,246;-0,335;-0,151;2,87;-0,394
"craft";-0,187;-0,246;-0,274;-0,359;-0,136;-0,225;2,268;3,847;-0,246;-0,335;-0,151;2,87;-0,394
"continue";4,128;-0,246;-0,274;-0,359;-0,136;-0,225;-0,29;3,847;2,87;-0,335;-0,151;-0,246;-0,394
"conservative";-0,187;-0,246;-0,274;1,635;-0,136;-0,225;-0,29;-0,198;15,09;-0,335;-0,151;-0,246;-0,394
"conscious";-0,187;2,87;-0,274;-0,359;-0,136;-0,225;-0,29;-0,198;-0,246;-0,335;5,404;-0,246;1,398
"collaboratively";-0,187;-0,246;-0,274;-0,359;-0,136;-0,225;-0,29;3,847;2,87;-0,335;-0,151;-0,246;1,398
"capture";-0,187;-0,246;-0,274;-0,359;-0,136;-0,225;2,268;3,847;-0,246;-0,335;-0,151;2,87;-0,394
"branch";-0,187;-0,246;13,45;1,635;-0,136;-0,225;-0,29;-0,198;-0,246;-0,335;-0,151;-0,246;-0,394
"brain";-0,187;-0,246;2,472;-0,359;-0,136;3,255;-0,29;-0,198;2,87;-0,335;-0,151;-0,246;-0,394
"belief";-0,187;-0,246;33,209;-0,359;-0,136;-0,225;-0,29;-0,198;-0,246;-0,335;-0,151;-0,246;-0,394
"bad";4,128;-0,246;-0,274;-0,359;-0,136;-0,225;-0,29;3,847;-0,246;1,818;-0,151;-0,246;-0,394
"aware";-0,187;-0,246;-0,274;1,635;-0,136;3,255;-0,29;-0,198;-0,246;-0,335;5,404;-0,246;-0,394
"argument";-0,187;2,87;-0,274;1,635;-0,136;-0,225;-0,29;-0,198;2,87;-0,335;-0,151;-0,246;-0,394
"anymore";-0,187;-0,246;-0,274;-0,359;-0,136;3,255;2,268;3,847;-0,246;-0,335;-0,151;-0,246;-0,394
"anthropology";-0,187;2,87;2,472;1,635;-0,136;-0,225;-0,29;-0,198;-0,246;-0,335;-0,151;-0,246;-0,394
"amount";-0,187;-0,246;-0,274;1,635;-0,136;16,665;-0,29;-0,198;-0,246;-0,335;-0,151;-0,246;-0,394
"alongside";-0,187;-0,246;-0,274;-0,359;-0,136;3,255;-0,29;3,847;-0,246;-0,335;5,404;-0,246;-0,394
"algorithm";-0,187;-0,246;2,472;-0,359;-0,136;3,255;2,268;-0,198;-0,246;-0,335;-0,151;-0,246;-0,394
"afford";-0,187;2,87;-0,274;-0,359;-0,136;-0,225;2,268;-0,198;-0,246;-0,335;-0,151;2,87;-0,394
"active";-0,187;-0,246;-0,274;1,635;-0,136;3,255;-0,29;-0,198;-0,246;-0,335;5,404;-0,246;-0,394
"acknowledge";4,128;-0,246;-0,274;-0,359;-0,136;-0,225;-0,29;3,847;-0,246;-0,335;-0,151;2,87;-0,394
"achieve";4,128;-0,246;2,472;-0,359;-0,136;-0,225;-0,29;-0,198;2,87;-0,335;-0,151;-0,246;-0,394
"the";1,218;-0,057;1,377;0,082;-4,307;3,919;-0,864;1,579;0,672;1,557;-2,804;0,218;-11,545
"and";-0,025;4,686;1,204;0,037;-2,851;3,675;-0,13;0,001;-4,388;1,352;-0,757;2,117;-8,626
"of";-1,286;0,094;1,085;0,397;-2,524;2,902;-2,459;4,213;-0,001;3,307;-1,4;0,094;-6,631
"to";0,148;0,966;1,421;3,047;-0,411;0,751;-0,662;0,929;1,665;-16,178;-0,321;11,853;-14,821
"a";-0,072;0,823;2,641;2,101;3,576;1,475;-4,579;11,271;3,243;-8,997;-1,686;0,823;-22,159
"in";0,011;0,021;0,136;4,983;-0,799;12,246;-1,269;1,276;1,087;-2,134;-6,015;0,021;-7,319
"is";-3;0,314;2,577;0,532;0,278;0,045;-0,233;8,601;0,738;-1,303;0,55;-0,001;-13,442
"as";-3,202;0,115;2,104;14,142;1,669;0,003;-0,996;5,691;0,996;-2,564;-5,663;0;-11,336
"that";-6,534;3,335;0,396;4,412;4,449;1,906;-2,981;5,755;0,795;-1,685;-1,204;-1,663;-6,941
"i";-1,851;0,624;-0,424;13,137;1,741;-1,181;-6,398;5,935;4,945;-1,098;0,27;-1,005;-6,378
"for";-5,964;7,79;12,246;-0,002;0,93;-0,733;0,004;0,483;-0,038;-0,782;0,027;-0,739;-5,826
"new";2,798;0,348;0,031;-0,793;0,059;1,741;-0,149;-0,232;0,057;-6,193;-0,005;14,155;-5,893
"it";-3,639;-0,419;2,309;0,532;4,609;0;-2,264;4,265;7,307;-5,141;-2,126;0,22;-1,445
"with";-0,003;0,006;1,788;1,731;-2,845;0,623;0,557;1,672;4,68;-6,964;-0,038;0,18;-10,041
"or";-0,092;3,452;0,507;2,468;0,021;3,463;-0,798;0,572;1,254;-2,876;-3,875;-3,36;-1,684
"are";0,02;-0,056;10,113;0,929;0,002;0,002;-0,538;0,717;0,296;-1,379;-0,046;-3,236;-1,814
"on";-7,265;-0,371;2,212;5,259;2,15;0,238;-0,427;0,743;0,047;0,575;0,019;-0,038;-10,394
"use";-0,951;0,001;-0,449;-0,003;0,061;3,922;0,448;-0,044;-2,511;-0,034;-1,015;-0,14;2,632
"be";-1,309;0,001;8,957;-0,081;1,265;0,076;-0,684;11,765;1,692;-7,314;-0,043;-1,575;-2,658
"not";-1,415;0,145;6,226;-1,174;-0,336;0,045;0,086;5,831;6,21;-2,69;-0,066;-1,709;-2,878
"an";-5,462;4,188;4,126;0,403;-0,077;-0,289;-5,49;2,446;2,7;2,535;-2,271;0,187;-9,275
"using";3,298;-0,1;-0,373;3,097;0,677;-3,068;-0,158;-1,1;0,008;-0,687;0,002;0,247;0,001
"we";-1,972;-0,516;20,89;1,6;9,278;-4,745;-2,262;0,665;5,792;-7,089;0,629;-3,097;-2,54
"by";-0,867;0,595;0,794;0,004;0,059;2,254;0,504;-0,003;2,759;-1,682;0;-3,603;-1,744
"about";0;0,145;0,337;0,075;9,912;-1,948;-0,227;-1,423;5,332;-1,524;-0,031;0,145;-2,506
"but";-0,121;-0,221;0,022;4,53;-0,728;-0,529;0;9,081;3,203;-5,719;-1,04;0;-1,469
"from";-0,419;0,547;0;0,904;0,302;0;-3,645;8,357;4,662;-1,787;-0,711;0,071;-4,327
"make";-0,492;2,545;-0,005;0,003;2,912;-1,073;1,191;-0,643;0,436;-0,337;-0,79;-0,55;-0,045
"can";-2,511;-0,234;4,494;0,172;0,01;0,53;-1,647;0,253;6,082;-8,178;-0,493;2,199;-0,437
"our";-0,04;0,793;2,675;-0,001;-0,098;-0,27;-0,966;0,079;6,078;-2,935;-0,221;2,003;-3,959
"my";-1,841;-1,39;-0,706;25,098;-0,949;0,378;-0,898;4,255;2,151;-0,561;-1,205;0,167;-8,008
"this";-0,054;-0,516;0,342;6,781;0,114;0,281;-6,133;3,841;8,57;-3,048;0,022;-0,039;-8,322
"more";-0,07;0,079;1,069;-1,014;2,721;0,239;-4,07;0,599;11,444;-4,985;-3,256;5,519;-2,659
"which";-0,414;0,345;-0,029;4,399;0,29;0,63;-0,084;2,824;-1,111;-2,387;0,122;1,288;-7,386
"me";-2,373;12,76;-0,399;0,007;0,644;-0,555;0,031;0,001;2,492;-1,117;-0,001;0,339;-4,938
"at";-3,737;-0,007;-0,086;-0,15;-0,067;0,011;-3,638;7,3;17,527;0,49;-0,172;-2,829;-0,357
"what";-3,369;-0,978;0,2;0,647;7,752;-4,036;0,1;9,064;8,475;-6,03;-0,918;0,016;-1,636
"through";-0,004;1,176;0,094;-0,578;-0,041;-0,893;2,87;0,191;0,293;0,653;-0,128;-1,179;-1,963
"also";0,125;0,713;-0,827;6,781;1,029;0,281;-0,283;1,926;0,105;-3,048;-3,195;-0,516;-1,353
"do";-3,296;-2,305;0,247;0,145;0,42;-0,668;-0,025;0;27,356;-5,899;-0,056;-0,913;1,18
"how";-0,147;-0,61;6,017;0,448;0,717;-3,517;-1,058;2,207;-0,036;-0,045;-2,368;2,505;-1,037
"have";-1,399;0,535;1,07;-0,01;-0,007;-0,668;-3,007;24,306;3,445;-2,071;0,211;-0,155;-4,695
"all";0,007;0,535;0,247;-1,134;1,902;-0,054;-1,462;0;8,885;-2,071;0,211;0,029;-1,531
"these";0,305;0,007;0,257;-0,318;-1,82;0,807;-0,04;3,414;0,512;-4,492;-0,408;-0,302;0,708
"one";-0,707;0,018;0,319;1,288;0,113;0,084;0,201;0,257;1,999;-4,367;0,034;0,018;-3,009
"just";-2,162;1,041;0,658;2,086;1,922;0,251;-1,436;0,515;0,118;-3,87;1,423;-0,111;-2,473
"into";-0,001;0,055;1,726;-0,165;-0,19;-0,953;-0,002;1,773;0,797;-0,086;1,171;-0,179;-2,739
"their";-2,44;1,999;-0,002;4,988;1,368;0,084;-0,559;0,257;1,999;-0,158;-1,968;-1,321;-3,009
"other";-0,707;0,018;13,174;7,742;-0,247;0,084;-3,778;6,856;-1,321;-4,367;-0,371;-1,321;-1,452
"its";-0,603;-0,179;-0,329;1,651;0,176;0,154;-0,002;7,711;0,055;-0,759;-0,3;0,055;-2,739
"who";-2,093;1,182;8,107;-0,056;-0,115;-0,757;0,015;0,6;6,049;-1,773;-0,202;-2,749;-0,927
"between";-0,655;4,538;0,389;5,389;-1,719;-0,112;-0,495;-0,755;-0,217;3,76;-1,912;-0,217;-2,874
"us";-2,093;0,161;0,049;0,883;0,306;-0,024;-3,241;-0,537;1,182;-1,773;0,161;9,895;-0,927
"within";4,77;-3,021;3,775;1,651;1,624;-0,953;-1,621;0,371;-0,179;-0,759;-0,3;0,055;-1,235
"those";-2,301;0,055;19,889;-0,165;-1,668;1,158;-3,562;0,371;0,797;-2,103;0,072;0,055;-1,235
"they";-0,319;0,34;1,192;-0,446;0,49;4,998;-0,135;0,028;4,085;-3,379;-0,118;-0,019;-3,966
"would";-0,237;0,512;0,288;3,983;7,524;0,01;-0,907;0,075;-0,597;-0,213;-1,413;-0,001;-3,681
"it_s";-1,82;1,902;-0,053;-0,375;2,903;-2,18;-0,098;-0,34;8,075;-0,268;-1,468;-0,664;1,137
"both";-0,553;-0,143;-0,28;0,627;-1,618;6,382;0;1,946;-0,143;0,122;-1,8;-0,143;-0,262
"any";0,123;-0,597;1,558;0,007;-0,025;0,01;6,351;1,192;-0,001;-1,245;-1,413;-0,597;-1,7
"so";-1,752;-0,597;7,137;3,983;3,153;0,01;-2,713;-0,295;-0,001;-3,136;0,429;-0,597;-0,005
"well";-0,408;0,211;-0,149;7,89;0,36;-0,012;-3,135;2,557;-2,659;-0,459;-1,633;1,337;-0,112
"such";1,253;-2,39;28,787;0,411;0,567;-0,513;-0,992;3,338;-0,007;-3,257;-0,093;-2,39;-3,823
"has";-1,685;0,001;1,772;4,415;-0,014;0,024;-0,824;1,353;5,294;-1,144;-1,359;-0,532;-3,539
"when";-0,098;-0,35;2,572;-0,991;0;-1,777;0;10,003;6,878;-2,654;-0,01;0,045;-3,116
"different";-1,685;5,294;7,732;0,644;-0,014;0,024;-2,608;-0,251;2,382;-1,144;-0,052;-0,532;-3,539
"if";-1,617;0,008;0,461;0,051;-0,006;-0,347;-2,504;1,532;10,08;-1,044;-1,304;0,738;-0,322
"you";-1,086;-1,426;-1,584;0,904;2,347;-0,03;-0,183;0,947;19,251;-1,943;-0,876;-1,426;0,001
"e";-0,027;-0,192;3,69;18,732;0,024;2,081;-1,987;-1,355;-0,192;-0,576;-1,035;-1,685;-2,696
"some";-1,35;-1,772;1,012;0,305;0,011;0,226;0,015;6,229;1,411;-0,665;-1,089;-0,242;-0,98
"s";-0,047;1,411;3,274;-0,028;0,011;-0,159;-2,09;2,476;4,11;-2,415;0;-0,242;-2,836
"doing";-1,483;-0,35;0,004;0,146;1,109;-0,247;0,54;-0,136;11,739;-0,85;-0,01;-0,35;-1,212
"used";1,781;0,008;4,65;-0,19;-0,006;-0,347;-0,02;4,35;0,738;-1,044;-1,304;-2,123;-1,453
"see";-1,283;9,002;1,207;4,484;0,024;-1,537;-0,369;-1,355;0,177;0;0,002;-1,685;-2,696
"i_m";-0,027;-1,685;-1,873;4,484;1,616;-1,537;-1,987;-0,048;14,9;0;1,238;-0,192;-2,696
"don_t";0,643;-0,192;0,076;-0,009;0,024;-1,537;-1,987;6,831;4,582;-2,297;-1,035;-1,685;1,44
"being";-1,416;0,077;6,196;1,366;0,003;-1,697;0,003;-0,103;3,688;-0,756;-1,142;-0,295;-1,095
"where";0,53;0,121;-0,36;0,305;0,011;-0,159;-0,438;0,424;0,121;-0,006;-1,089;0,121;-0,088
"than";-0,162;-0,469;8,38;-0,19;3,721;0,046;-2,504;0,152;2,66;-2,894;-1,304;-0,469;0,005
"something";-0,027;0,177;-0,298;0,414;5,708;-0,12;-1,987;6,831;4,582;-2,297;-1,035;-0,192;-2,696
"etc";-1,086;2,55;10,18;0,024;2,347;-0,03;-0,183;-1,147;0,444;-1,943;-0,876;-0,07;-2,281
"will";-1,217;-0,147;-0,24;0,548;6,243;0,391;0,074;7,503;-0,147;-2,179;0,01;-0,147;-2,557
"very";-0,003;2,204;0,189;2,618;-0,835;-0,054;-1,783;0,784;-0,106;-2,061;0,025;-0,106;-0,004
"take";-1,283;0,177;0,076;0,414;-0,93;2,081;0,038;0,525;-0,192;0,569;-1,035;-0,192;-0,868
"may";0,775;-0,147;4,159;0,548;-0,883;2,379;-0,303;-1,286;0,248;0,006;-0,982;-0,147;-2,557
"like";0,433;-0,295;6,196;3,506;-1,027;0,164;-0,51;2,199;0,077;-2,535;-0,003;-1,86;-2,975
"help";-1,283;-0,192;-0,298;4,484;1,616;5,46;0,038;-1,355;-0,192;-2,297;0,002;-0,192;-0,049
"them";-0,955;0,736;-1,394;1,418;-0,692;0,975;-1,478;-1,009;8,039;0,188;0,121;-0,017;-2,006
"still";-1,217;-0,147;-0,24;0;6,243;-0,085;-1,885;7,503;5,112;0,006;-0,982;-0,147;-2,557
"many";-1,283;-0,192;0,076;12,897;0,024;0,301;-1,987;0,525;1,641;-0,576;-1,035;-0,192;-2,696
"know";0;0,444;-0,136;-0,414;2,347;-1,301;-1,681;25,615;6,386;-1,943;-0,876;-1,426;-2,281
"possible";0;11,953;-0,136;-2,077;-0,787;0,631;-0,183;-1,147;0,444;0,059;-0,876;0,444;-0,55
"only";4,404;0,444;-0,136;0,024;0,104;-1,301;0,194;0,947;-0,07;-1,943;-0,876;0,444;-0,55
"much";0,018;-0,017;-0,055;0,118;9,152;-0,002;-0,086;-1,009;3,41;-1,709;-0,77;-0,017;-0,359
"most";-0,003;2,204;1,691;0,004;-0,835;0,501;-1,783;0,784;0,336;-0,409;-0,929;-0,106;-0,652
"g";-0,825;0;3,787;17,617;-0,598;1,468;-1,277;-0,871;0;-1,476;-0,665;-1,083;-1,733
"there";-1,086;-1,426;0,271;0,904;7,517;-1,301;-0,183;3,981;2,55;-1,943;-0,876;-0,07;-0,55
"own";-0,89;0,93;7,693;-0,183;-0,645;1,199;-0,048;1,632;-0,003;-1,593;-0,718;-0,003;-1,87
"out";-1,217;-0,147;1,431;0;1,83;-1,458;-1,885;0,644;33,483;-2,179;0,01;-1,598;-2,557
"allow";-1,086;2,55;1,991;-0,414;2,347;-0,03;-1,681;-1,147;-0,07;0,059;-0,876;2,55;-0,55
"2";-0,003;0,336;4,69;0,004;-0,835;-0,054;0,125;-0,012;-0,106;-0,409;0,025;-0,106;-0,652
"old";-1,02;0,576;0,376;-1,952;-0,74;0,788;-0,131;-1,077;0,576;-1,826;0,078;7,156;0,014
"could";-1,151;-0,106;15,184;-2,202;2,072;0,501;-0,241;0,784;0,336;-2,061;0,025;-1,512;-0,652
"because";-1,02;-0,04;5,983;0,06;0,149;-0,012;-1,579;4,494;-0,04;-1,826;-0,823;0,576;-0,452
"1";-0,955;0,736;6,775;0,118;-0,692;-0,002;-0,086;0,007;-0,017;-0,191;-0,77;-0,017;-0,359
"should";-0,955;0,736;0,506;-1,827;-0,692;-0,002;-1,478;11,161;8,039;-1,709;0,121;-1,254;-0,359
"now";-1,02;-0,04;5,983;0,06;0,149;-0,012;-0,131;0;2,948;-0,258;-0,823;-0,04;-2,143
"been";-0,76;-0,998;4,459;2,656;-0,551;0,037;-1,177;0,1;0,011;-1,361;0,34;1,456;-1,597
"while";-0,955;3,41;0,506;0,118;0,206;-0,002;-0,086;1,365;-0,017;-1,709;2,472;-1,254;-2,006
"whether";-0,696;1,812;1,426;-1,331;0,618;0,081;4,775;-0,735;-0,914;0,828;-0,561;-0,914;-1,462
"uses";-1,02;-1,34;-1,489;3,564;0,149;-1,222;2,034;-1,077;0,576;0,112;-0,823;-1,34;2,901
"even";-1,086;0,444;1,991;0,904;0,104;-1,301;-1,681;-0,002;6,386;-1,943;-0,876;0,444;-0,55
"am";-0,955;3,41;-1,394;1,418;-0,692;-1,144;-1,478;5,083;3,41;-1,709;2,472;-0,017;-2,006
"up";7,138;0;3,787;0,315;-0,598;-0,988;-0,02;-0,871;0;-0,079;-0,665;-1,083;-0,194
"said";-0,825;0;-1,204;0,315;-0,598;0,012;-0,02;13,887;4,582;-0,079;-0,665;-1,083;-1,733
"need";-0,568;-0,745;0,093;1,29;-0,412;3,306;-0,879;0,386;2,815;-1,016;-0,458;0,166;-1,192
"become";-0,696;0,038;5,269;0,671;0,618;0,081;-1,077;0,166;0,038;-1,245;-0,561;-0,914;-0,067
"allows";-0,825;18,16;-0,007;0,315;0,367;0,012;-0,02;0,054;0;-1,476;-0,665;-1,083;-1,733
"together";0,018;8,039;-0,055;-0,254;0,206;-1,144;0,397;1,365;0,736;-1,709;-0,77;-1,254;-0,359
"better";-0,825;-1,083;0,868;-1,578;3,938;-0,988;-1,277;1,95;1,167;0,424;-0,665;4,582;-1,733
"best";-0,825;-1,083;0,868;-0,121;3,938;0,012;-1,277;13,887;1,167;-1,476;-0,665;0;-1,733
"same";-0,76;0,011;0;2,656;0,478;0,037;-0,003;2,332;0,011;-1,361;-0,613;-0,998;-0,124
"might";-0,76;1,456;-1,11;-1,454;0,478;0,037;-1,177;7,501;11,644;-0,038;-0,613;-0,998;-1,597
"first";-0,825;0;-1,204;-0,121;-0,598;0,012;0,722;1,95;10,246;-1,476;0,248;0;-1,733
"example";-0,89;-1,169;22,374;-0,183;3,446;1,199;-1,378;5,765;-1,169;-1,593;-0,718;-1,169;-1,87
"available";0,457;2,815;0,093;-1,086;-0,412;0,247;0,062;0,386;0,166;-1,016;0,805;-0,745;-1,192
"yet";0,317;-0,829;1,816;-0,004;-0,458;-0,757;0,019;3,362;-0,829;0;-0,509;-0,829;0,708
"without";-0,632;-0,829;6,258;-0,004;0,795;2,687;-0,978;-0,667;0,087;-1,13;5,175;-0,829;-1,327
"under";0,213;6,236;-1,016;3,261;-0,505;-0,834;-1,077;2,795;0,038;-1,245;-0,561;0,038;-1,462
"rather";-0,696;0,038;1,426;0,671;-0,505;-0,834;0,001;0,166;-0,914;-0,011;-0,561;0,038;0,481
"must";-0,504;-0,661;2,954;0,03;-0,365;-0,603;0,14;-0,532;3,534;-0,902;-0,406;-0,661;1,432
"further";0,213;-0,914;-1,016;-1,331;5,213;2,194;0,001;-0,735;0,038;0,828;-0,561;-0,914;0,481
"was";-0,632;2,255;1,816;-1,208;31,331;-0,757;-0,978;-0,667;-0,829;-1,13;0,609;0,087;-1,327
"try";-0,44;0,46;-0,642;0,099;-0,319;5,134;-0,681;-0,465;4,48;-0,788;-0,355;0,46;-0,925
"though";-0,568;-0,745;0,093;0,002;1,021;-0,68;2,058;-0,599;17,798;-1,016;-0,458;-0,745;-1,192
"then";-0,504;-0,661;-0,735;0,03;-0,365;-0,603;0,14;0,562;10,409;-0,902;-0,406;0,284;0,007
"others";0,457;-0,745;-0,828;0,002;1,021;-0,68;-0,879;11,649;0,166;-1,016;0,805;-0,745;-0,002
"consider";-0,76;0,011;17,822;2,656;-0,551;-0,911;-0,003;0,1;0,011;-1,361;-0,613;-0,998;-1,597
"changes";0,649;-0,661;-0,735;-0,964;8,396;0,389;-0,78;-0,532;0,284;0,055;7,283;-0,661;-1,058
"really";-0,696;0,038;-1,016;-1,331;0,618;0,081;0,001;17,646;1,812;-0,011;-0,561;-0,914;-1,462
"however";-0,568;-0,745;0,093;0,002;1,021;0,247;0,062;4,07;-0,745;0,012;-0,458;0,166;-1,192
"done";-0,632;-0,829;1,816;-1,208;6,053;-0,757;-0,978;3,362;2,255;0;-0,509;0,087;-1,327
"come";0,649;-0,661;2,954;0,03;1,315;-0,603;-0,78;0,562;0,284;-0,902;-0,406;-0,661;0,007
"beyond";-0,632;0,087;1,816;-0,004;-0,458;2,687;0,019;0,259;0,087;0;-0,509;-0,829;-1,327
"why";0,649;-0,661;2,954;0,03;1,315;-0,603;-0,78;4,969;-0,661;-0,902;-0,406;0,284;-1,058
"two";-0,568;2,815;-0,828;0,002;1,021;0,247;-0,879;4,07;-0,745;-1,016;0,805;0,166;-1,192
"towards";-0,377;-0,495;0,553;-0,72;2,238;6,541;0,47;-0,398;-0,495;-0,674;-0,304;0,721;-0,791
"self";-0,568;0,166;-0,828;0,002;-0,412;3,306;-0,879;-0,599;8,692;1,509;-0,458;-0,745;-1,192
"say";-0,568;0,166;7,485;-1,086;1,021;3,306;-0,879;-0,599;-0,745;0,012;0,805;-0,745;-1,192
"myself";-0,504;-0,661;-0,735;13,212;-0,365;-0,603;-0,78;26,913;-0,661;-0,902;-0,406;-0,661;-1,058
"either";0,457;-0,745;-0,828;1,29;-0,412;0,247;-0,879;0,386;0,166;-1,016;-0,458;0,166;1,016
"around";-0,504;0,284;0,185;0,03;-0,365;0,389;-0,78;0,562;3,534;-0,902;-0,406;0,284;-1,058
"among";-0,504;-0,661;2,954;1,76;-0,365;0,389;0,14;-0,532;0,284;0,055;-0,406;-0,661;-1,058
"across";-0,568;0,166;0,093;0,002;1,021;0,247;-0,879;0,386;8,692;-1,016;-0,458;-0,745;-1,192
"able";-0,568;8,692;7,485;-1,086;7,09;-0,68;-0,879;-0,599;0,166;-1,016;-0,458;-0,745;-1,192
"various";-0,504;-0,661;-0,735;0,03;-0,365;0,389;2,659;0,562;0,284;0,055;-0,406;0,284;-1,058
"seeing";0,649;0,284;-0,735;1,76;-0,365;-0,603;-0,78;4,969;-0,661;-0,902;-0,406;0,284;0,007
"particular";-0,25;-0,329;1,468;6,565;-0,181;-0,3;1,321;-0,264;-0,329;-0,448;-0,202;-0,329;-0,526
"name";-0,504;0,284;0,185;-0,964;1,315;4,097;-0,78;-0,532;3,534;-0,902;-0,406;0,284;-1,058
"looking";-0,504;-0,661;-0,735;-0,964;-0,365;0,389;-0,78;0,562;3,534;2,018;-0,406;0,284;0,007
"least";-0,568;0,166;0,093;0,002;1,021;0,247;-0,879;-0,599;8,692;-1,016;-0,458;0,166;-1,192
"happens";-0,504;-0,661;2,954;1,76;-0,365;-0,603;0,14;0,562;0,284;-0,902;-0,406;0,284;-1,058
"each";-0,377;-0,495;-0,55;0,232;2,238;-0,451;-0,583;7,73;0,721;-0,674;-0,304;-0,495;0,155
"cannot";-0,504;3,534;2,954;-0,964;-0,365;0,389;0,14;4,969;-0,661;-0,902;-0,406;-0,661;-1,058
"believe";-0,377;-0,495;0,553;-0,72;-0,273;-0,451;-0,583;1,155;5,768;-0,674;-0,304;-0,495;2,81
"were";-0,377;5,768;0,553;-0,72;2,238;0,889;-0,583;-0,398;0,721;-0,674;-0,304;-0,495;-0,791
"want";-0,44;-0,578;0,33;0,099;-0,319;-0,527;-0,681;6,144;4,48;-0,788;1,407;-0,578;-0,925
"useful";-0,44;0,46;11,065;0,099;-0,319;-0,527;-0,681;-0,465;0,46;-0,788;1,407;-0,578;-0,925
"themselves";-0,313;-0,412;0,901;0,465;-0,227;-0,375;0,791;-0,331;1,119;-0,561;-0,253;1,119;-0,658
"seems";0,649;0,284;2,954;-0,964;1,315;-0,603;-0,78;-0,532;0,284;0,055;-0,406;0,284;-1,058
"re";-0,377;-0,495;-0,55;0,232;-0,273;0,889;0,47;-0,398;-0,495;0,297;-0,304;5,768;-0,791
"otherwise";-0,44;-0,578;-0,642;-0,842;10,086;-0,527;3,459;-0,465;0,46;2,704;-0,355;-0,578;-0,925
"no";-0,44;0,46;0,33;0,099;10,086;-0,527;-0,681;-0,465;0,46;-0,788;-0,355;0,46;-0,925
"itself";0,912;-0,578;3,804;-0,842;-0,319;-0,527;0,267;-0,465;4,48;-0,788;-0,355;0,46;-0,925
"i_ll";-0,377;-0,495;-0,55;0,232;2,238;-0,451;-0,583;7,73;5,768;-0,674;-0,304;-0,495;-0,791
"get";-0,313;-0,412;-0,457;0,465;-0,227;-0,375;-0,485;9,975;7,601;-0,561;-0,253;-0,412;-0,658
"anyone";-0,44;12,638;0,33;-0,842;-0,319;-0,527;0,267;-0,465;4,48;-0,788;-0,355;-0,578;-0,925
"3";-0,504;0,284;2,954;1,76;-0,365;-0,603;0,14;-0,532;-0,661;0,055;1,062;-0,661;-1,058
"that_s";2,676;-0,329;-0,365;0,875;-0,181;-0,3;-0,388;2,469;1,756;-0,448;-0,202;-0,329;-0,526
"since";-0,377;0,721;4,967;-0,72;-0,273;-0,451;-0,583;-0,398;0,721;-0,674;1,882;0,721;-0,791
"over";-0,44;0,46;0,33;0,099;-0,319;-0,527;-0,681;16,474;0,46;-0,788;-0,355;-0,578;-0,925
"novel";1,284;-0,495;0,553;-0,72;12,353;-0,451;-0,583;-0,398;-0,495;-0,674;-0,304;0,721;0,155
"needs";-0,44;0,46;-0,642;0,099;-0,319;0,593;0,267;0,807;0,46;-0,788;-0,355;0,46;-0,925
"less";1,829;1,119;-0,457;-0,599;-0,227;-0,375;-0,485;-0,331;19,859;-0,561;-0,253;-0,412;-0,658
"last";-0,377;-0,495;-0,55;0,232;-0,273;-0,451;-0,583;62,358;-0,495;-0,674;-0,304;-0,495;-0,791
"every";-0,44;-0,578;-0,642;0,099;10,086;-0,527;0,267;0,807;-0,578;-0,788;-0,355;0,46;0,052
"ever";-0,44;0,46;-0,642;0,099;1,704;-0,527;0,267;-0,465;0,46;2,704;-0,355;-0,578;-0,925
"else";-0,377;5,768;-0,55;0,232;-0,273;-0,451;0,47;1,155;0,721;-0,674;-0,304;-0,495;-0,791
"does";-0,377;0,721;0,553;-0,72;12,353;-0,451;-0,583;-0,398;5,768;-0,674;-0,304;-0,495;-0,791
"did";-0,25;-0,329;-0,365;6,565;4,172;-0,3;-0,388;-0,264;-0,329;-0,448;-0,202;1,756;-0,526
"before";-0,377;0,721;13,791;-0,72;-0,273;0,889;-0,583;-0,398;-0,495;-0,674;-0,304;0,721;-0,791
"associated";26,798;-0,412;0,901;-0,599;-0,227;1,333;-0,485;-0,331;-0,412;-0,561;-0,253;-0,412;-0,658
"anything";-0,313;1,119;6,629;-0,599;-0,227;-0,375;0,791;-0,331;-0,412;-0,561;2,567;-0,412;-0,658
"always";-0,377;-0,495;13,791;-0,72;-0,273;0,889;-0,583;-0,398;5,768;-0,674;-0,304;-0,495;-0,791
"whatever";-0,377;-0,495;0,553;-0,72;-0,273;-0,451;-0,583;-0,398;0,721;-0,674;1,882;5,768;0,155
"trying";-0,313;-0,412;-0,457;-0,599;3,003;-0,375;-0,485;1,668;7,601;0,557;-0,253;-0,412;-0,658
"non";1,829;1,119;-0,457;4,574;-0,227;-0,375;0,791;-0,331;-0,412;-0,561;-0,253;-0,412;-0,658
"i_ve";-0,313;-0,412;0,901;-0,599;-0,227;-0,375;-0,485;1,668;-0,412;-0,561;-0,253;19,859;-0,658
"having";-0,313;1,119;-0,457;0,465;-0,227;-0,375;-0,485;-0,331;19,859;-0,561;-0,253;-0,412;-0,658
"few";-0,187;-0,246;-0,274;-0,359;6,148;-0,225;-0,29;3,847;-0,246;-0,335;5,404;-0,246;-0,394
"especially";-0,313;7,601;-0,457;0,465;-0,227;-0,375;-0,485;1,668;-0,412;0,557;-0,253;-0,412;-0,658
"down";-0,187;-0,246;-0,274;-0,359;6,148;3,255;-0,29;3,847;-0,246;-0,335;-0,151;-0,246;-0,394
"course";2,676;-0,329;-0,365;0,875;-0,181;-0,3;-0,388;2,469;-0,329;1,003;-0,202;-0,329;-0,526
"your";-0,313;-0,412;-0,457;0,465;-0,227;-0,375;0,791;-0,331;7,601;-0,561;-0,253;1,119;-0,658
"too";-0,25;-0,329;1,468;-0,479;-0,181;-0,3;-0,388;-0,264;-0,329;1,003;3,619;1,756;-0,526
"thus";-0,313;-0,412;0,901;-0,599;-0,227;1,333;-0,485;1,668;-0,412;-0,561;-0,253;7,601;-0,658
"someone";-0,25;-0,329;-0,365;0,875;-0,181;-0,3;1,321;-0,264;10,391;-0,448;-0,202;-0,329;-0,526
"quite";2,676;-0,329;1,468;0,875;-0,181;-0,3;-0,388;-0,264;-0,329;-0,448;-0,202;1,756;-0,526
"perhaps";-0,313;-0,412;0,901;4,574;-0,227;-0,375;-0,485;-0,331;1,119;-0,561;-0,253;1,119;-0,658
"once";-0,313;1,119;-0,457;-0,599;15,544;-0,375;-0,485;-0,331;1,119;0,557;-0,253;-0,412;-0,658
"merely";-0,313;-0,412;6,629;-0,599;3,003;-0,375;-0,485;-0,331;-0,412;-0,561;2,567;-0,412;0,351
"instead";-0,313;-0,412;-0,457;-0,599;-0,227;8,538;-0,485;-0,331;1,119;-0,561;2,567;1,119;-0,658
"gives";-0,313;1,119;6,629;-0,599;-0,227;-0,375;-0,485;-0,331;1,119;-0,561;-0,253;1,119;-0,658
"given";-0,313;-0,412;0,901;0,465;-0,227;1,333;-0,485;-0,331;7,601;-0,561;-0,253;-0,412;-0,658
"everyone";-0,25;1,756;-0,365;-0,479;-0,181;-0,3;1,321;-0,264;10,391;-0,448;-0,202;-0,329;-0,526
"et";-0,187;-0,246;-0,274;9,96;-0,136;-0,225;-0,29;-0,198;2,87;-0,335;-0,151;-0,246;-0,394
"doesn_t";-0,313;-0,412;6,629;-0,599;-0,227;-0,375;-0,485;-0,331;1,119;-0,561;2,567;1,119;-0,658
"d";-0,187;-0,246;-0,274;1,635;6,148;-0,225;-0,29;-0,198;-0,246;-0,335;5,404;-0,246;-0,394
"asking";-0,187;-0,246;-0,274;-0,359;-0,136;-0,225;2,268;-0,198;-0,246;1,818;-0,151;2,87;-0,394
"another";1,829;-0,412;-0,457;0,465;3,003;-0,375;0,791;1,668;-0,412;-0,561;-0,253;-0,412;-0,658
"although";-0,313;-0,412;0,901;4,574;-0,227;-0,375;-0,485;1,668;1,119;-0,561;-0,253;-0,412;-0,658
"01";-0,187;-0,246;2,472;-0,359;-0,136;-0,225;-0,29;-0,198;2,87;-0,335;5,404;-0,246;-0,394
"we_re";-0,187;-0,246;-0,274;1,635;6,148;-0,225;-0,29;-0,198;-0,246;-0,335;-0,151;2,87;-0,394
"via";-0,187;2,87;-0,274;1,635;-0,136;-0,225;-0,29;3,847;-0,246;-0,335;-0,151;-0,246;-0,394
"upon";2,676;-0,329;1,468;-0,479;-0,181;-0,3;1,321;-0,264;1,756;-0,448;-0,202;-0,329;-0,526
"therefore";-0,187;-0,246;2,472;-0,359;-0,136;-0,225;-0,29;-0,198;-0,246;1,818;-0,151;2,87;-0,394
"sometimes";-0,25;-0,329;1,468;17,551;-0,181;-0,3;-0,388;-0,264;-0,329;-0,448;-0,202;-0,329;-0,526
"seem";-0,25;-0,329;9,166;-0,479;4,172;-0,3;-0,388;-0,264;1,756;-0,448;-0,202;-0,329;-0,526
"probably";-0,25;1,756;1,468;-0,479;-0,181;-0,3;-0,388;2,469;-0,329;-0,448;-0,202;-0,329;0,712
"plus";-0,187;-0,246;-0,274;1,635;-0,136;-0,225;-0,29;-0,198;15,09;-0,335;-0,151;-0,246;-0,394
"maybe";-0,25;1,756;-0,365;0,875;-0,181;-0,3;-0,388;2,469;-0,329;-0,448;3,619;-0,329;-0,526
"little";4,128;-0,246;-0,274;1,635;6,148;-0,225;-0,29;-0,198;-0,246;-0,335;-0,151;-0,246;-0,394
"going";-0,25;-0,329;1,468;6,565;4,172;-0,3;-0,388;-0,264;-0,329;-0,448;-0,202;-0,329;-0,526
"far";-0,25;-0,329;-0,365;-0,479;-0,181;2,036;-0,388;-0,264;-0,329;-0,448;18,097;1,756;-0,526
"currently";-0,25;-0,329;1,468;17,551;-0,181;-0,3;-0,388;-0,264;-0,329;-0,448;-0,202;-0,329;-0,526
"considering";-0,25;-0,329;-0,365;6,565;-0,181;-0,3;-0,388;-0,264;-0,329;-0,448;-0,202;1,756;0,712
"co";-0,25;1,756;-0,365;-0,479;-0,181;-0,3;1,321;2,469;1,756;-0,448;-0,202;-0,329;-0,526
"again";-0,25;1,756;-0,365;-0,479;-0,181;-0,3;-0,388;-0,264;10,391;-0,448;-0,202;1,756;-0,526
"actually";-0,25;-0,329;-0,365;-0,479;4,172;-0,3;-0,388;-0,264;10,391;1,003;-0,202;-0,329;-0,526
"2009";-0,25;1,756;1,468;0,875;-0,181;-0,3;-0,388;-0,264;-0,329;-0,448;-0,202;1,756;-0,526
"0";2,676;-0,329;1,468;-0,479;-0,181;-0,3;1,321;2,469;-0,329;-0,448;-0,202;-0,329;-0,526
"whole";-0,187;-0,246;-0,274;-0,359;-0,136;-0,225;-0,29;3,847;2,87;1,818;-0,151;-0,246;-0,394
"welcome";-0,187;-0,246;-0,274;-0,359;-0,136;3,255;-0,29;19,077;-0,246;-0,335;-0,151;-0,246;-0,394
"toward";-0,187;2,87;-0,274;-0,359;-0,136;16,665;-0,29;-0,198;-0,246;-0,335;-0,151;-0,246;-0,394
"soon";-0,187;-0,246;-0,274;1,635;6,148;3,255;-0,29;-0,198;-0,246;-0,335;-0,151;-0,246;-0,394
"second";-0,187;-0,246;-0,274;1,635;-0,136;3,255;-0,29;-0,198;-0,246;1,818;-0,151;-0,246;-0,394
"outside";-0,187;-0,246;2,472;1,635;-0,136;3,255;-0,29;-0,198;-0,246;-0,335;-0,151;-0,246;-0,394
"ones";4,128;2,87;-0,274;-0,359;-0,136;3,255;-0,29;-0,198;-0,246;-0,335;-0,151;-0,246;-0,394
"look";-0,187;2,87;-0,274;-0,359;-0,136;-0,225;-0,29;-0,198;15,09;-0,335;-0,151;-0,246;-0,394
"latter";-0,187;15,09;-0,274;-0,359;-0,136;-0,225;-0,29;-0,198;-0,246;-0,335;-0,151;-0,246;1,398
"isn_t";-0,187;-0,246;-0,274;1,635;-0,136;-0,225;-0,29;3,847;2,87;-0,335;-0,151;-0,246;-0,394
"everything";-0,187;2,87;-0,274;1,635;-0,136;-0,225;2,268;-0,198;-0,246;-0,335;-0,151;-0,246;-0,394
"entirely";-0,187;2,87;-0,274;1,635;-0,136;-0,225;-0,29;3,847;-0,246;-0,335;-0,151;-0,246;-0,394
"couldn_t";-0,187;-0,246;-0,274;-0,359;28,384;3,255;-0,29;-0,198;-0,246;-0,335;-0,151;-0,246;-0,394
"comes";-0,187;-0,246;-0,274;-0,359;28,384;-0,225;-0,29;-0,198;-0,246;1,818;-0,151;-0,246;-0,394
"com";-0,187;-0,246;-0,274;-0,359;-0,136;-0,225;-0,29;-0,198;-0,246;-0,335;60,084;-0,246;-0,394
"certain";-0,187;-0,246;2,472;1,635;-0,136;-0,225;-0,29;-0,198;2,87;-0,335;-0,151;-0,246;-0,394
"apart";-0,187;-0,246;-0,274;-0,359;-0,136;-0,225;2,268;19,077;-0,246;-0,335;-0,151;-0,246;-0,394
"already";-0,187;2,87;-0,274;-0,359;-0,136;-0,225;-0,29;-0,198;15,09;-0,335;-0,151;-0,246;-0,394
"almost";-0,187;2,87;-0,274;-0,359;6,148;-0,225;-0,29;-0,198;2,87;-0,335;-0,151;-0,246;-0,394
"above";-0,187;-0,246;-0,274;-0,359;-0,136;3,255;2,268;-0,198;2,87;-0,335;-0,151;-0,246;-0,394
"*year_2012-01-01";0,359;-2,275;-4,916;-1,656;-2,022;-0,023;0;-1,99;-0,286;10,921;-0,011;4,251;3,115
"*year_2011-01-01";1,123;1,319;3,06;-0,137;-0,297;0,164;-2,327;0,218;3,479;-6,893;-0,136;-1,005;0,02
"*year_2010-01-01";-0,088;1,605;-0,237;8,473;-1,123;2,295;-0,017;-0,155;-3,279;-0,208;-1,406;-1,684;0,204
"*year_2009-01-01";-0,012;5,112;1,431;0,548;-0,883;0,391;0,074;3,136;-1,598;-0,49;-0,982;-1,598;-2,557
"*year_2014-01-01";-1,612;-1,237;0,228;-0,221;7,829;-1,792;1,72;0,311;0,19;-0,133;2,205;0,016;-2,301
