"";"newcol";"newcol";"newcol";"newcol";"newcol";"newcol";"newcol";"newcol";"newcol";"newcol";"newcol";"newcol";"newcol";"newcol";"newcol";"newcol";"newcol";"newcol";"newcol";"newcol";"newcol";"newcol";"newcol";"newcol";"newcol";"newcol";"newcol";"newcol";"newcol"
"1";2;4;7;9;10;12;14;16;19;19;19;19;19;19;19;19;19;19;19;19;19;19;19;19;19;19;54;56;56
"2";2;4;7;9;10;12;14;16;18;20;23;24;24;28;28;28;28;28;28;28;28;28;28;28;28;28;28;28;28
"3";2;4;7;9;10;12;14;16;18;20;23;25;25;25;25;25;25;25;25;25;25;25;47;47;47;47;47;47;47
"4";2;4;7;9;10;12;14;16;18;20;23;24;24;28;28;28;28;28;28;28;28;28;28;28;28;28;28;28;28
"5";2;4;7;9;10;12;14;16;19;19;19;19;19;19;19;19;19;19;19;19;19;19;19;19;19;19;54;57;57
"6";2;4;7;9;10;12;14;16;18;20;23;24;24;29;30;30;30;30;30;30;30;30;30;30;30;53;53;53;53
"7";2;4;7;9;10;12;14;16;18;20;23;24;24;29;31;31;31;31;31;31;31;31;31;49;49;49;49;49;49
"8";2;4;7;9;10;12;15;15;15;15;15;15;27;27;27;32;35;35;35;35;43;44;44;44;50;50;50;50;50
"9";2;4;7;9;10;12;14;16;18;20;23;24;24;29;31;31;31;31;31;31;31;31;31;48;48;48;48;48;59
"10";2;4;7;9;10;12;14;16;18;21;21;21;21;21;21;21;21;21;21;21;21;21;21;21;21;21;21;21;21
"11";2;4;7;9;10;12;15;15;15;15;15;15;27;27;27;32;34;34;34;34;34;34;34;34;34;34;34;34;34
"12";2;4;7;9;10;12;15;15;15;15;15;15;26;26;26;26;26;36;39;41;41;41;41;41;41;41;41;41;41
"13";2;4;7;9;10;12;15;15;15;15;15;15;27;27;27;33;33;33;33;33;33;33;33;33;33;33;33;33;33
"14";2;4;7;9;10;12;14;16;18;20;23;24;24;29;31;31;31;31;31;31;31;31;31;48;48;48;48;48;59
"15";2;4;7;9;10;12;14;16;18;20;23;24;24;29;30;30;30;30;30;30;30;30;30;30;30;53;53;53;53
"16";2;4;7;9;10;12;14;16;18;20;23;24;24;29;31;31;31;31;31;31;31;31;31;48;48;48;48;48;59
"17";2;4;7;9;10;12;14;16;19;19;19;19;19;19;19;19;19;19;19;19;19;19;19;19;19;19;54;56;56
"18";0;0;0;0;0;0;0;0;0;0;0;0;0;0;0;0;0;0;0;0;0;0;0;0;0;0;0;0;0
"19";2;4;7;9;10;12;14;16;18;20;23;24;24;29;31;31;31;31;31;31;31;31;31;48;48;48;48;48;59
"20";2;4;7;9;10;12;14;16;18;20;23;24;24;29;31;31;31;31;31;31;31;31;31;49;49;49;49;49;49
"21";2;4;7;9;10;12;14;16;19;19;19;19;19;19;19;19;19;19;19;19;19;19;19;19;19;19;54;57;57
"22";2;4;7;9;10;12;14;16;18;20;23;25;25;25;25;25;25;25;25;25;25;25;46;46;46;46;46;46;46
"23";2;4;7;9;10;12;14;16;18;20;23;24;24;29;31;31;31;31;31;31;31;31;31;48;48;48;48;48;58
"24";2;4;7;9;10;12;15;15;15;15;15;15;27;27;27;32;34;34;34;34;34;34;34;34;34;34;34;34;34
"25";2;4;7;9;10;12;14;16;18;20;23;24;24;29;30;30;30;30;30;30;30;30;30;30;30;52;52;52;52
"26";2;4;7;9;10;12;14;16;18;20;23;25;25;25;25;25;25;25;25;25;25;25;46;46;46;46;46;46;46
"27";2;4;7;9;10;12;15;15;15;15;15;15;27;27;27;32;35;35;35;35;43;44;44;44;51;51;51;51;51
"28";2;4;7;9;10;12;14;16;18;20;23;25;25;25;25;25;25;25;25;25;25;25;47;47;47;47;47;47;47
"29";2;4;7;9;10;12;14;16;18;20;23;24;24;29;30;30;30;30;30;30;30;30;30;30;30;53;53;53;53
"30";2;4;7;9;10;12;14;16;19;19;19;19;19;19;19;19;19;19;19;19;19;19;19;19;19;19;54;57;57
"31";2;4;7;9;10;12;15;15;15;15;15;15;27;27;27;32;35;35;35;35;43;44;44;44;51;51;51;51;51
"32";2;4;7;9;10;12;15;15;15;15;15;15;27;27;27;32;35;35;35;35;43;44;44;44;50;50;50;50;50
"33";2;4;6;6;6;6;6;6;6;6;6;6;6;6;6;6;6;6;6;6;6;6;6;6;6;6;6;6;6
"34";2;4;7;9;10;12;15;15;15;15;15;15;27;27;27;32;34;34;34;34;34;34;34;34;34;34;34;34;34
"35";2;4;7;9;10;12;14;16;19;19;19;19;19;19;19;19;19;19;19;19;19;19;19;19;19;19;54;57;57
"36";2;4;7;9;10;12;14;16;19;19;19;19;19;19;19;19;19;19;19;19;19;19;19;19;19;19;54;57;57
"37";2;4;7;9;10;12;15;15;15;15;15;15;27;27;27;33;33;33;33;33;33;33;33;33;33;33;33;33;33
"38";2;4;7;8;8;8;8;8;8;8;8;8;8;8;8;8;8;8;8;8;8;8;8;8;8;8;8;8;8
"39";2;4;7;9;10;12;15;15;15;15;15;15;27;27;27;32;35;35;35;35;43;44;44;44;50;50;50;50;50
"40";2;4;7;9;10;12;14;16;18;20;23;25;25;25;25;25;25;25;25;25;25;25;46;46;46;46;46;46;46
"41";2;4;7;9;10;12;14;16;19;19;19;19;19;19;19;19;19;19;19;19;19;19;19;19;19;19;54;57;57
"42";2;4;7;9;10;12;14;16;18;20;23;24;24;29;30;30;30;30;30;30;30;30;30;30;30;53;53;53;53
"43";2;4;7;9;10;12;14;16;19;19;19;19;19;19;19;19;19;19;19;19;19;19;19;19;19;19;54;57;57
"44";2;4;7;9;10;12;14;16;18;20;23;24;24;29;30;30;30;30;30;30;30;30;30;30;30;53;53;53;53
"45";2;4;7;9;10;12;15;15;15;15;15;15;26;26;26;26;26;36;39;41;41;41;41;41;41;41;41;41;41
"46";2;4;7;9;10;12;14;16;18;20;23;25;25;25;25;25;25;25;25;25;25;25;46;46;46;46;46;46;46
"47";2;4;7;9;10;12;15;15;15;15;15;15;27;27;27;32;34;34;34;34;34;34;34;34;34;34;34;34;34
"48";2;4;7;9;10;12;14;16;18;20;23;24;24;29;30;30;30;30;30;30;30;30;30;30;30;52;52;52;52
"49";2;4;7;9;10;12;14;16;19;19;19;19;19;19;19;19;19;19;19;19;19;19;19;19;19;19;54;56;56
"50";2;4;7;9;10;12;14;16;18;20;23;24;24;29;31;31;31;31;31;31;31;31;31;48;48;48;48;48;59
"51";2;4;7;9;10;12;14;16;18;20;23;24;24;29;31;31;31;31;31;31;31;31;31;48;48;48;48;48;59
"52";2;4;7;9;10;12;14;16;19;19;19;19;19;19;19;19;19;19;19;19;19;19;19;19;19;19;54;57;57
"53";2;4;7;9;10;12;14;16;19;19;19;19;19;19;19;19;19;19;19;19;19;19;19;19;19;19;54;57;57
"54";2;4;7;9;10;12;14;16;18;20;23;25;25;25;25;25;25;25;25;25;25;25;47;47;47;47;47;47;47
"55";2;4;7;9;10;12;14;16;18;20;23;25;25;25;25;25;25;25;25;25;25;25;47;47;47;47;47;47;47
"56";2;4;7;9;10;12;15;15;15;15;15;15;27;27;27;32;35;35;35;35;43;45;45;45;45;45;45;45;45
"57";2;4;7;9;10;12;15;15;15;15;15;15;27;27;27;32;34;34;34;34;34;34;34;34;34;34;34;34;34
"58";2;4;7;9;10;12;15;15;15;15;15;15;26;26;26;26;26;36;38;38;38;38;38;38;38;38;38;38;38
"59";2;4;7;9;10;12;15;15;15;15;15;15;27;27;27;32;35;35;35;35;43;44;44;44;51;51;51;51;51
"60";2;4;7;9;10;12;14;16;18;20;23;24;24;28;28;28;28;28;28;28;28;28;28;28;28;28;28;28;28
"61";2;4;7;9;10;12;15;15;15;15;15;15;27;27;27;33;33;33;33;33;33;33;33;33;33;33;33;33;33
"62";2;4;7;9;10;12;14;16;18;20;23;24;24;29;30;30;30;30;30;30;30;30;30;30;30;53;53;53;53
"63";2;4;7;9;10;12;14;16;18;20;23;24;24;29;30;30;30;30;30;30;30;30;30;30;30;52;52;52;52
"64";2;4;7;9;10;12;15;15;15;15;15;15;26;26;26;26;26;36;39;41;41;41;41;41;41;41;41;41;41
"65";2;4;7;9;10;12;15;15;15;15;15;15;27;27;27;32;35;35;35;35;43;44;44;44;51;51;51;51;51
"66";2;4;7;9;10;12;14;16;18;20;23;24;24;29;30;30;30;30;30;30;30;30;30;30;30;53;53;53;53
"67";0;0;0;0;0;0;0;0;0;0;0;0;0;0;0;0;0;0;0;0;0;0;0;0;0;0;0;0;0
"68";2;4;7;9;10;12;14;16;18;20;23;25;25;25;25;25;25;25;25;25;25;25;46;46;46;46;46;46;46
"69";2;4;7;9;10;13;13;13;13;13;13;13;13;13;13;13;13;13;13;13;13;13;13;13;13;13;13;13;13
"70";2;4;7;9;10;12;14;16;18;20;23;24;24;29;30;30;30;30;30;30;30;30;30;30;30;53;53;53;53
"71";2;4;7;9;10;12;15;15;15;15;15;15;27;27;27;32;35;35;35;35;43;44;44;44;50;50;50;50;50
"72";2;4;7;9;10;12;14;16;18;20;23;24;24;29;31;31;31;31;31;31;31;31;31;48;48;48;48;48;59
"73";2;4;7;9;10;13;13;13;13;13;13;13;13;13;13;13;13;13;13;13;13;13;13;13;13;13;13;13;13
"74";0;0;0;0;0;0;0;0;0;0;0;0;0;0;0;0;0;0;0;0;0;0;0;0;0;0;0;0;0
"75";2;4;7;9;10;12;14;16;19;19;19;19;19;19;19;19;19;19;19;19;19;19;19;19;19;19;54;57;57
"76";2;4;7;9;10;12;14;16;18;20;23;25;25;25;25;25;25;25;25;25;25;25;47;47;47;47;47;47;47
"77";2;4;7;9;10;12;14;16;18;20;22;22;22;22;22;22;22;22;22;22;22;22;22;22;22;22;22;22;22
"78";2;4;7;9;10;12;14;16;18;20;23;25;25;25;25;25;25;25;25;25;25;25;46;46;46;46;46;46;46
"79";2;4;7;9;10;12;14;16;18;20;23;24;24;29;30;30;30;30;30;30;30;30;30;30;30;53;53;53;53
"80";2;4;7;9;10;12;15;15;15;15;15;15;27;27;27;32;35;35;35;35;43;44;44;44;51;51;51;51;51
"81";2;4;7;9;10;12;15;15;15;15;15;15;27;27;27;32;34;34;34;34;34;34;34;34;34;34;34;34;34
"82";2;4;7;9;10;12;14;16;18;20;23;24;24;29;30;30;30;30;30;30;30;30;30;30;30;53;53;53;53
"83";2;4;7;9;10;12;15;15;15;15;15;15;27;27;27;32;35;35;35;35;43;44;44;44;51;51;51;51;51
"84";2;4;7;9;10;12;14;16;18;20;23;25;25;25;25;25;25;25;25;25;25;25;47;47;47;47;47;47;47
"85";2;4;7;9;10;12;15;15;15;15;15;15;26;26;26;26;26;36;39;41;41;41;41;41;41;41;41;41;41
"86";2;4;7;9;10;12;14;16;18;20;23;25;25;25;25;25;25;25;25;25;25;25;47;47;47;47;47;47;47
"87";2;4;7;9;10;12;14;16;18;20;23;24;24;29;31;31;31;31;31;31;31;31;31;48;48;48;48;48;59
"88";2;4;7;9;10;12;15;15;15;15;15;15;27;27;27;33;33;33;33;33;33;33;33;33;33;33;33;33;33
"89";2;4;7;9;10;12;14;16;18;20;23;24;24;29;31;31;31;31;31;31;31;31;31;49;49;49;49;49;49
"90";2;4;7;9;10;12;15;15;15;15;15;15;27;27;27;33;33;33;33;33;33;33;33;33;33;33;33;33;33
"91";2;4;7;9;10;12;15;15;15;15;15;15;26;26;26;26;26;36;39;40;40;40;40;40;40;40;40;40;40
"92";2;4;7;9;10;12;14;16;19;19;19;19;19;19;19;19;19;19;19;19;19;19;19;19;19;19;54;57;57
"93";2;4;7;9;10;12;14;16;18;20;23;24;24;29;30;30;30;30;30;30;30;30;30;30;30;53;53;53;53
"94";2;4;7;9;10;12;15;15;15;15;15;15;26;26;26;26;26;36;39;41;41;41;41;41;41;41;41;41;41
"95";2;4;7;9;10;12;14;16;18;20;23;24;24;29;30;30;30;30;30;30;30;30;30;30;30;53;53;53;53
"96";2;4;7;9;10;13;13;13;13;13;13;13;13;13;13;13;13;13;13;13;13;13;13;13;13;13;13;13;13
"97";2;4;7;9;10;12;15;15;15;15;15;15;26;26;26;26;26;36;39;40;40;40;40;40;40;40;40;40;40
"98";2;4;7;9;10;12;14;16;18;20;23;24;24;29;31;31;31;31;31;31;31;31;31;48;48;48;48;48;59
"99";2;4;7;9;10;12;14;16;18;20;23;24;24;29;31;31;31;31;31;31;31;31;31;48;48;48;48;48;59
"100";2;4;7;9;10;12;15;15;15;15;15;15;26;26;26;26;26;36;39;41;41;41;41;41;41;41;41;41;41
"101";2;4;7;9;10;12;14;16;18;20;23;24;24;29;30;30;30;30;30;30;30;30;30;30;30;53;53;53;53
"102";0;0;0;0;0;0;0;0;0;0;0;0;0;0;0;0;0;0;0;0;0;0;0;0;0;0;0;0;0
"103";2;4;7;9;10;12;14;16;18;20;23;24;24;29;30;30;30;30;30;30;30;30;30;30;30;53;53;53;53
"104";2;4;7;9;10;12;15;15;15;15;15;15;27;27;27;32;35;35;35;35;43;45;45;45;45;45;45;45;45
"105";2;4;7;9;10;12;15;15;15;15;15;15;27;27;27;32;35;35;35;35;43;44;44;44;50;50;50;50;50
"106";2;4;7;9;10;12;14;16;18;21;21;21;21;21;21;21;21;21;21;21;21;21;21;21;21;21;21;21;21
"107";2;4;7;9;11;11;11;11;11;11;11;11;11;11;11;11;11;11;11;11;11;11;11;11;11;11;11;11;11
"108";2;4;7;9;10;12;14;16;18;20;23;24;24;29;30;30;30;30;30;30;30;30;30;30;30;52;52;52;52
"109";2;4;7;9;10;12;14;16;18;20;23;24;24;28;28;28;28;28;28;28;28;28;28;28;28;28;28;28;28
"110";2;4;7;9;10;12;14;16;18;20;23;24;24;28;28;28;28;28;28;28;28;28;28;28;28;28;28;28;28
"111";2;4;7;9;10;12;14;16;18;20;23;25;25;25;25;25;25;25;25;25;25;25;46;46;46;46;46;46;46
"112";2;4;7;9;10;12;15;15;15;15;15;15;26;26;26;26;26;36;39;41;41;41;41;41;41;41;41;41;41
"113";2;4;7;9;10;12;14;16;18;20;23;24;24;28;28;28;28;28;28;28;28;28;28;28;28;28;28;28;28
"114";2;4;7;9;10;12;14;16;18;20;23;24;24;28;28;28;28;28;28;28;28;28;28;28;28;28;28;28;28
"115";2;4;7;9;10;12;14;16;18;20;23;25;25;25;25;25;25;25;25;25;25;25;47;47;47;47;47;47;47
"116";2;4;7;9;10;12;14;16;18;20;23;24;24;28;28;28;28;28;28;28;28;28;28;28;28;28;28;28;28
"117";2;4;7;9;10;12;14;16;18;20;23;24;24;29;31;31;31;31;31;31;31;31;31;49;49;49;49;49;49
"118";2;4;7;9;10;12;15;15;15;15;15;15;27;27;27;32;34;34;34;34;34;34;34;34;34;34;34;34;34
"119";2;4;7;9;10;12;15;15;15;15;15;15;27;27;27;32;35;35;35;35;43;44;44;44;51;51;51;51;51
"120";2;4;7;9;10;12;14;16;19;19;19;19;19;19;19;19;19;19;19;19;19;19;19;19;19;19;54;56;56
"121";0;0;0;0;0;0;0;0;0;0;0;0;0;0;0;0;0;0;0;0;0;0;0;0;0;0;0;0;0
"122";2;4;7;9;10;12;14;16;18;20;23;24;24;29;31;31;31;31;31;31;31;31;31;48;48;48;48;48;59
"123";2;4;7;9;10;12;14;16;19;19;19;19;19;19;19;19;19;19;19;19;19;19;19;19;19;19;55;55;55
"124";2;4;7;9;10;12;14;16;18;20;23;24;24;29;31;31;31;31;31;31;31;31;31;48;48;48;48;48;59
"125";2;4;7;9;10;12;14;16;18;20;23;25;25;25;25;25;25;25;25;25;25;25;47;47;47;47;47;47;47
"126";0;0;0;0;0;0;0;0;0;0;0;0;0;0;0;0;0;0;0;0;0;0;0;0;0;0;0;0;0
"127";2;4;7;9;10;12;15;15;15;15;15;15;26;26;26;26;26;36;39;40;40;40;40;40;40;40;40;40;40
"128";2;4;7;9;10;12;14;16;19;19;19;19;19;19;19;19;19;19;19;19;19;19;19;19;19;19;54;57;57
"129";2;4;7;9;10;12;14;16;19;19;19;19;19;19;19;19;19;19;19;19;19;19;19;19;19;19;54;56;56
"130";2;4;7;9;10;12;14;16;18;20;23;24;24;29;31;31;31;31;31;31;31;31;31;48;48;48;48;48;59
"131";2;4;7;9;10;12;15;15;15;15;15;15;27;27;27;32;35;35;35;35;43;44;44;44;51;51;51;51;51
"132";2;4;7;9;10;12;14;16;19;19;19;19;19;19;19;19;19;19;19;19;19;19;19;19;19;19;54;56;56
"133";0;0;0;0;0;0;0;0;0;0;0;0;0;0;0;0;0;0;0;0;0;0;0;0;0;0;0;0;0
"134";2;4;7;9;10;12;15;15;15;15;15;15;26;26;26;26;26;36;39;40;40;40;40;40;40;40;40;40;40
"135";2;4;7;9;10;12;15;15;15;15;15;15;27;27;27;32;35;35;35;35;43;44;44;44;51;51;51;51;51
"136";2;4;7;9;10;12;14;16;18;20;23;24;24;29;31;31;31;31;31;31;31;31;31;49;49;49;49;49;49
"137";2;4;7;9;10;12;14;16;19;19;19;19;19;19;19;19;19;19;19;19;19;19;19;19;19;19;54;57;57
"138";0;0;0;0;0;0;0;0;0;0;0;0;0;0;0;0;0;0;0;0;0;0;0;0;0;0;0;0;0
"139";2;4;7;9;10;12;14;16;18;20;23;24;24;29;30;30;30;30;30;30;30;30;30;30;30;53;53;53;53
"140";2;4;7;9;10;12;15;15;15;15;15;15;26;26;26;26;26;36;39;40;40;40;40;40;40;40;40;40;40
"141";0;0;0;0;0;0;0;0;0;0;0;0;0;0;0;0;0;0;0;0;0;0;0;0;0;0;0;0;0
"142";2;4;7;9;10;12;14;16;18;20;23;25;25;25;25;25;25;25;25;25;25;25;46;46;46;46;46;46;46
"143";2;4;7;9;10;12;14;16;18;20;23;24;24;29;30;30;30;30;30;30;30;30;30;30;30;53;53;53;53
"144";2;4;7;9;10;12;14;16;18;20;23;24;24;28;28;28;28;28;28;28;28;28;28;28;28;28;28;28;28
"145";2;4;7;9;10;12;14;16;18;20;23;24;24;29;31;31;31;31;31;31;31;31;31;48;48;48;48;48;59
"146";2;4;7;9;10;12;14;16;18;20;23;25;25;25;25;25;25;25;25;25;25;25;46;46;46;46;46;46;46
"147";2;4;7;9;10;12;15;15;15;15;15;15;27;27;27;32;35;35;35;35;43;44;44;44;50;50;50;50;50
"148";2;4;7;9;10;12;15;15;15;15;15;15;27;27;27;32;34;34;34;34;34;34;34;34;34;34;34;34;34
"149";2;4;7;9;10;12;15;15;15;15;15;15;26;26;26;26;26;36;39;40;40;40;40;40;40;40;40;40;40
"150";2;4;7;9;10;12;14;16;18;20;23;24;24;29;31;31;31;31;31;31;31;31;31;48;48;48;48;48;59
"151";2;4;7;9;10;12;14;16;18;20;23;24;24;29;31;31;31;31;31;31;31;31;31;48;48;48;48;48;59
"152";2;4;7;9;10;12;14;16;18;20;23;24;24;29;31;31;31;31;31;31;31;31;31;48;48;48;48;48;59
"153";2;4;7;9;10;12;14;16;18;20;23;25;25;25;25;25;25;25;25;25;25;25;47;47;47;47;47;47;47
"154";2;4;7;9;10;12;15;15;15;15;15;15;26;26;26;26;26;36;39;41;41;41;41;41;41;41;41;41;41
"155";2;4;7;9;10;12;14;16;19;19;19;19;19;19;19;19;19;19;19;19;19;19;19;19;19;19;54;56;56
"156";2;4;7;9;10;12;14;16;18;20;23;25;25;25;25;25;25;25;25;25;25;25;47;47;47;47;47;47;47
"157";0;0;0;0;0;0;0;0;0;0;0;0;0;0;0;0;0;0;0;0;0;0;0;0;0;0;0;0;0
"158";2;4;7;9;10;12;14;16;18;20;23;24;24;29;30;30;30;30;30;30;30;30;30;30;30;53;53;53;53
"159";2;4;7;9;10;12;14;16;19;19;19;19;19;19;19;19;19;19;19;19;19;19;19;19;19;19;54;57;57
"160";2;4;7;9;10;12;14;16;18;20;23;25;25;25;25;25;25;25;25;25;25;25;47;47;47;47;47;47;47
"161";2;4;7;9;10;12;14;16;19;19;19;19;19;19;19;19;19;19;19;19;19;19;19;19;19;19;54;57;57
"162";2;4;7;9;10;12;15;15;15;15;15;15;27;27;27;32;35;35;35;35;43;44;44;44;51;51;51;51;51
"163";2;4;7;9;10;12;15;15;15;15;15;15;27;27;27;32;35;35;35;35;43;44;44;44;51;51;51;51;51
"164";2;4;7;9;10;12;14;16;18;20;23;24;24;29;31;31;31;31;31;31;31;31;31;48;48;48;48;48;59
"165";2;4;7;9;10;12;14;16;18;20;23;24;24;29;30;30;30;30;30;30;30;30;30;30;30;53;53;53;53
"166";2;4;7;9;10;12;15;15;15;15;15;15;27;27;27;32;35;35;35;35;43;44;44;44;50;50;50;50;50
"167";2;4;7;9;10;12;15;15;15;15;15;15;26;26;26;26;26;36;39;41;41;41;41;41;41;41;41;41;41
"168";2;4;7;9;10;12;15;15;15;15;15;15;26;26;26;26;26;36;39;40;40;40;40;40;40;40;40;40;40
"169";2;4;7;9;10;12;14;16;18;20;23;24;24;29;30;30;30;30;30;30;30;30;30;30;30;53;53;53;53
"170";2;4;7;9;10;12;14;16;18;20;23;24;24;29;31;31;31;31;31;31;31;31;31;49;49;49;49;49;49
"171";2;4;7;9;10;12;14;16;18;20;23;24;24;29;31;31;31;31;31;31;31;31;31;48;48;48;48;48;58
"172";2;4;7;9;10;12;14;16;18;20;23;24;24;29;31;31;31;31;31;31;31;31;31;48;48;48;48;48;59
"173";2;4;7;9;10;12;14;16;18;20;23;24;24;29;31;31;31;31;31;31;31;31;31;49;49;49;49;49;49
"174";2;4;7;9;10;12;15;15;15;15;15;15;26;26;26;26;26;36;39;41;41;41;41;41;41;41;41;41;41
"175";2;4;7;9;10;12;15;15;15;15;15;15;27;27;27;32;35;35;35;35;43;45;45;45;45;45;45;45;45
"176";2;4;7;9;10;12;14;16;18;20;23;24;24;29;31;31;31;31;31;31;31;31;31;48;48;48;48;48;59
"177";2;4;7;9;10;12;14;16;18;20;23;25;25;25;25;25;25;25;25;25;25;25;46;46;46;46;46;46;46
"178";2;4;7;9;10;12;15;15;15;15;15;15;26;26;26;26;26;37;37;37;37;37;37;37;37;37;37;37;37
"179";2;4;7;9;10;12;14;16;18;20;23;24;24;29;30;30;30;30;30;30;30;30;30;30;30;53;53;53;53
"180";2;4;7;9;10;12;14;16;18;20;23;24;24;29;31;31;31;31;31;31;31;31;31;48;48;48;48;48;59
"181";2;4;7;9;10;12;14;16;18;20;23;24;24;29;30;30;30;30;30;30;30;30;30;30;30;53;53;53;53
"182";2;4;7;9;10;12;14;16;18;20;23;24;24;28;28;28;28;28;28;28;28;28;28;28;28;28;28;28;28
"183";2;4;7;9;10;12;14;16;18;20;23;24;24;29;30;30;30;30;30;30;30;30;30;30;30;53;53;53;53
"184";2;4;7;9;10;12;14;16;18;21;21;21;21;21;21;21;21;21;21;21;21;21;21;21;21;21;21;21;21
"185";2;4;7;9;10;12;15;15;15;15;15;15;27;27;27;32;34;34;34;34;34;34;34;34;34;34;34;34;34
"186";2;4;7;9;10;12;14;16;19;19;19;19;19;19;19;19;19;19;19;19;19;19;19;19;19;19;54;57;57
"187";2;4;7;9;10;12;14;16;18;20;23;24;24;29;30;30;30;30;30;30;30;30;30;30;30;53;53;53;53
"188";2;4;7;9;10;12;14;16;18;20;23;24;24;29;31;31;31;31;31;31;31;31;31;48;48;48;48;48;59
"189";2;4;7;9;10;12;14;16;19;19;19;19;19;19;19;19;19;19;19;19;19;19;19;19;19;19;54;57;57
"190";2;4;7;9;10;12;14;16;19;19;19;19;19;19;19;19;19;19;19;19;19;19;19;19;19;19;54;57;57
"191";2;4;7;9;10;12;14;16;18;20;23;24;24;29;30;30;30;30;30;30;30;30;30;30;30;53;53;53;53
"192";2;4;7;9;10;12;14;16;18;20;23;24;24;29;31;31;31;31;31;31;31;31;31;48;48;48;48;48;59
"193";2;4;7;9;10;12;15;15;15;15;15;15;26;26;26;26;26;36;39;40;40;40;40;40;40;40;40;40;40
"194";2;4;7;9;10;13;13;13;13;13;13;13;13;13;13;13;13;13;13;13;13;13;13;13;13;13;13;13;13
"195";2;4;7;9;10;12;14;16;18;20;23;25;25;25;25;25;25;25;25;25;25;25;46;46;46;46;46;46;46
"196";2;4;7;9;10;12;14;16;18;20;23;25;25;25;25;25;25;25;25;25;25;25;47;47;47;47;47;47;47
"197";2;4;7;9;10;12;14;16;18;20;23;24;24;29;31;31;31;31;31;31;31;31;31;48;48;48;48;48;59
"198";2;4;7;9;10;12;14;16;18;20;23;25;25;25;25;25;25;25;25;25;25;25;47;47;47;47;47;47;47
"199";2;4;7;9;10;12;14;16;18;20;23;24;24;29;30;30;30;30;30;30;30;30;30;30;30;53;53;53;53
"200";2;4;7;9;10;12;15;15;15;15;15;15;26;26;26;26;26;36;39;41;41;41;41;41;41;41;41;41;41
"201";2;4;7;9;10;12;15;15;15;15;15;15;27;27;27;32;35;35;35;35;43;44;44;44;51;51;51;51;51
"202";2;4;7;9;10;12;14;16;18;20;23;24;24;29;30;30;30;30;30;30;30;30;30;30;30;52;52;52;52
"203";2;4;7;9;10;12;14;16;19;19;19;19;19;19;19;19;19;19;19;19;19;19;19;19;19;19;54;57;57
"204";2;4;7;9;10;12;15;15;15;15;15;15;27;27;27;32;35;35;35;35;43;45;45;45;45;45;45;45;45
"205";2;4;7;9;10;12;14;16;18;20;23;24;24;29;31;31;31;31;31;31;31;31;31;48;48;48;48;48;59
"206";2;4;7;9;10;12;15;15;15;15;15;15;26;26;26;26;26;36;38;38;38;38;38;38;38;38;38;38;38
"207";2;4;7;9;10;12;14;16;18;20;23;24;24;29;31;31;31;31;31;31;31;31;31;48;48;48;48;48;59
"208";2;4;7;9;10;12;15;15;15;15;15;15;27;27;27;33;33;33;33;33;33;33;33;33;33;33;33;33;33
"209";2;4;7;9;10;12;14;16;18;20;23;25;25;25;25;25;25;25;25;25;25;25;46;46;46;46;46;46;46
"210";2;4;7;9;10;12;14;16;18;20;23;24;24;29;31;31;31;31;31;31;31;31;31;48;48;48;48;48;59
"211";0;0;0;0;0;0;0;0;0;0;0;0;0;0;0;0;0;0;0;0;0;0;0;0;0;0;0;0;0
"212";2;4;7;9;10;12;14;16;19;19;19;19;19;19;19;19;19;19;19;19;19;19;19;19;19;19;54;56;56
"213";2;4;7;9;10;12;14;16;18;20;23;24;24;29;30;30;30;30;30;30;30;30;30;30;30;52;52;52;52
"214";2;4;7;9;10;12;14;16;18;20;23;25;25;25;25;25;25;25;25;25;25;25;47;47;47;47;47;47;47
"215";2;4;7;9;10;12;15;15;15;15;15;15;26;26;26;26;26;36;39;41;41;41;41;41;41;41;41;41;41
"216";2;4;7;9;10;12;14;16;18;20;23;24;24;28;28;28;28;28;28;28;28;28;28;28;28;28;28;28;28
"217";2;4;7;9;10;12;14;16;18;20;23;24;24;29;30;30;30;30;30;30;30;30;30;30;30;53;53;53;53
"218";2;4;7;9;10;12;14;16;18;20;23;24;24;29;30;30;30;30;30;30;30;30;30;30;30;53;53;53;53
"219";2;4;7;9;10;12;15;15;15;15;15;15;26;26;26;26;26;36;39;41;41;41;41;41;41;41;41;41;41
"220";2;4;7;9;10;12;14;16;19;19;19;19;19;19;19;19;19;19;19;19;19;19;19;19;19;19;54;56;56
"221";2;4;7;9;10;12;14;16;18;20;23;24;24;29;30;30;30;30;30;30;30;30;30;30;30;53;53;53;53
"222";2;4;7;9;10;12;14;16;18;20;23;24;24;28;28;28;28;28;28;28;28;28;28;28;28;28;28;28;28
"223";2;4;7;9;10;12;14;16;18;20;23;25;25;25;25;25;25;25;25;25;25;25;47;47;47;47;47;47;47
"224";2;4;7;9;10;12;15;15;15;15;15;15;26;26;26;26;26;36;39;41;41;41;41;41;41;41;41;41;41
"225";2;4;7;9;10;12;14;16;18;20;23;24;24;29;31;31;31;31;31;31;31;31;31;49;49;49;49;49;49
"226";2;4;7;9;10;12;15;15;15;15;15;15;27;27;27;32;35;35;35;35;43;44;44;44;50;50;50;50;50
"227";2;4;7;9;10;12;14;16;18;20;23;24;24;29;30;30;30;30;30;30;30;30;30;30;30;53;53;53;53
"228";2;4;7;9;10;12;15;15;15;15;15;15;26;26;26;26;26;36;39;41;41;41;41;41;41;41;41;41;41
"229";2;4;7;9;10;12;14;16;18;20;23;24;24;29;30;30;30;30;30;30;30;30;30;30;30;53;53;53;53
"230";2;4;7;9;10;12;14;16;18;20;23;25;25;25;25;25;25;25;25;25;25;25;47;47;47;47;47;47;47
"231";2;4;7;9;10;12;14;16;18;20;23;24;24;28;28;28;28;28;28;28;28;28;28;28;28;28;28;28;28
"232";2;4;7;9;10;12;15;15;15;15;15;15;27;27;27;32;34;34;34;34;34;34;34;34;34;34;34;34;34
"233";2;4;7;9;10;12;15;15;15;15;15;15;27;27;27;32;35;35;35;35;43;45;45;45;45;45;45;45;45
"234";2;4;7;9;10;12;14;16;18;20;23;24;24;29;31;31;31;31;31;31;31;31;31;48;48;48;48;48;59
"235";2;4;7;9;10;12;14;16;19;19;19;19;19;19;19;19;19;19;19;19;19;19;19;19;19;19;54;57;57
"236";2;4;7;9;10;12;14;16;18;20;23;24;24;29;31;31;31;31;31;31;31;31;31;48;48;48;48;48;59
"237";2;4;7;9;10;12;14;16;18;20;23;24;24;29;30;30;30;30;30;30;30;30;30;30;30;53;53;53;53
"238";2;4;7;9;10;12;15;15;15;15;15;15;26;26;26;26;26;37;37;37;37;37;37;37;37;37;37;37;37
"239";2;4;7;9;10;12;14;16;18;20;23;24;24;29;31;31;31;31;31;31;31;31;31;49;49;49;49;49;49
"240";2;4;7;9;10;12;15;15;15;15;15;15;26;26;26;26;26;36;39;40;40;40;40;40;40;40;40;40;40
"241";2;4;7;9;10;12;15;15;15;15;15;15;26;26;26;26;26;36;39;41;41;41;41;41;41;41;41;41;41
"242";2;4;7;9;10;12;14;16;19;19;19;19;19;19;19;19;19;19;19;19;19;19;19;19;19;19;55;55;55
"243";2;4;7;9;10;12;14;16;19;19;19;19;19;19;19;19;19;19;19;19;19;19;19;19;19;19;54;57;57
"244";2;4;7;9;10;12;14;16;18;20;23;25;25;25;25;25;25;25;25;25;25;25;46;46;46;46;46;46;46
"245";2;4;7;9;10;12;15;15;15;15;15;15;27;27;27;32;35;35;35;35;43;44;44;44;51;51;51;51;51
"246";2;4;7;9;11;11;11;11;11;11;11;11;11;11;11;11;11;11;11;11;11;11;11;11;11;11;11;11;11
"247";2;4;7;9;10;12;14;16;18;20;23;24;24;29;31;31;31;31;31;31;31;31;31;48;48;48;48;48;59
"248";2;4;7;8;8;8;8;8;8;8;8;8;8;8;8;8;8;8;8;8;8;8;8;8;8;8;8;8;8
"249";2;4;7;9;10;12;15;15;15;15;15;15;27;27;27;32;34;34;34;34;34;34;34;34;34;34;34;34;34
"250";3;3;3;3;3;3;3;3;3;3;3;3;3;3;3;3;3;3;3;3;3;3;3;3;3;3;3;3;3
"251";2;4;7;9;10;12;14;16;18;20;23;24;24;29;30;30;30;30;30;30;30;30;30;30;30;53;53;53;53
"252";2;4;7;9;10;12;15;15;15;15;15;15;27;27;27;32;35;35;35;35;43;44;44;44;51;51;51;51;51
"253";2;4;7;9;10;12;14;16;18;20;23;25;25;25;25;25;25;25;25;25;25;25;46;46;46;46;46;46;46
"254";2;4;7;9;10;12;14;16;18;20;23;25;25;25;25;25;25;25;25;25;25;25;46;46;46;46;46;46;46
"255";2;4;7;9;10;12;15;15;15;15;15;15;26;26;26;26;26;36;39;40;40;40;40;40;40;40;40;40;40
"256";2;4;7;9;10;12;15;15;15;15;15;15;26;26;26;26;26;36;38;38;38;38;38;38;38;38;38;38;38
"257";2;4;7;9;10;12;15;15;15;15;15;15;27;27;27;32;34;34;34;34;34;34;34;34;34;34;34;34;34
"258";2;4;7;9;10;12;14;16;18;20;23;24;24;28;28;28;28;28;28;28;28;28;28;28;28;28;28;28;28
"259";2;4;7;9;10;12;14;16;18;20;23;24;24;29;30;30;30;30;30;30;30;30;30;30;30;53;53;53;53
"260";2;4;7;9;10;12;15;15;15;15;15;15;27;27;27;32;35;35;35;35;43;45;45;45;45;45;45;45;45
"261";2;4;7;9;10;12;14;16;19;19;19;19;19;19;19;19;19;19;19;19;19;19;19;19;19;19;54;57;57
"262";2;4;7;9;10;12;15;15;15;15;15;15;27;27;27;32;34;34;34;34;34;34;34;34;34;34;34;34;34
"263";2;4;7;9;10;12;15;15;15;15;15;15;26;26;26;26;26;36;39;41;41;41;41;41;41;41;41;41;41
"264";2;4;7;9;10;12;14;16;18;20;23;24;24;29;31;31;31;31;31;31;31;31;31;48;48;48;48;48;59
"265";2;4;7;9;10;12;15;15;15;15;15;15;26;26;26;26;26;36;39;41;41;41;41;41;41;41;41;41;41
"266";2;4;7;9;10;12;14;16;18;20;23;24;24;28;28;28;28;28;28;28;28;28;28;28;28;28;28;28;28
"267";2;4;7;9;10;12;14;16;18;20;23;24;24;29;30;30;30;30;30;30;30;30;30;30;30;53;53;53;53
"268";2;4;7;9;10;12;14;16;19;19;19;19;19;19;19;19;19;19;19;19;19;19;19;19;19;19;54;57;57
"269";2;4;7;9;10;12;15;15;15;15;15;15;26;26;26;26;26;36;39;40;40;40;40;40;40;40;40;40;40
"270";2;4;7;9;10;12;15;15;15;15;15;15;27;27;27;32;35;35;35;35;43;45;45;45;45;45;45;45;45
"271";2;4;7;9;10;12;15;15;15;15;15;15;27;27;27;32;35;35;35;35;42;42;42;42;42;42;42;42;42
"272";2;4;7;9;10;12;15;15;15;15;15;15;26;26;26;26;26;36;39;40;40;40;40;40;40;40;40;40;40
"273";2;4;7;9;10;12;15;15;15;15;15;15;27;27;27;32;35;35;35;35;42;42;42;42;42;42;42;42;42
"274";2;4;7;9;10;12;14;16;19;19;19;19;19;19;19;19;19;19;19;19;19;19;19;19;19;19;54;57;57
"275";2;4;7;9;10;12;15;15;15;15;15;15;27;27;27;32;35;35;35;35;42;42;42;42;42;42;42;42;42
"276";2;4;7;9;10;12;15;15;15;15;15;15;27;27;27;32;35;35;35;35;43;44;44;44;51;51;51;51;51
"277";2;4;7;9;10;12;15;15;15;15;15;15;27;27;27;32;35;35;35;35;43;44;44;44;50;50;50;50;50
"278";2;4;7;9;10;12;14;16;18;20;23;24;24;28;28;28;28;28;28;28;28;28;28;28;28;28;28;28;28
"279";2;4;7;9;10;12;14;16;18;20;23;25;25;25;25;25;25;25;25;25;25;25;46;46;46;46;46;46;46
"280";2;4;7;9;10;12;15;15;15;15;15;15;26;26;26;26;26;36;39;41;41;41;41;41;41;41;41;41;41
"281";2;4;7;9;10;12;14;16;18;20;23;25;25;25;25;25;25;25;25;25;25;25;47;47;47;47;47;47;47
"282";2;4;7;9;10;12;15;15;15;15;15;15;27;27;27;32;34;34;34;34;34;34;34;34;34;34;34;34;34
"283";2;4;7;9;10;12;15;15;15;15;15;15;26;26;26;26;26;36;39;40;40;40;40;40;40;40;40;40;40
"284";2;4;7;9;10;12;14;16;18;20;23;24;24;29;30;30;30;30;30;30;30;30;30;30;30;52;52;52;52
"285";2;4;7;9;10;12;15;15;15;15;15;15;26;26;26;26;26;36;39;41;41;41;41;41;41;41;41;41;41
"286";2;4;7;9;10;12;15;15;15;15;15;15;27;27;27;33;33;33;33;33;33;33;33;33;33;33;33;33;33
"287";2;4;7;9;10;12;15;15;15;15;15;15;26;26;26;26;26;36;39;41;41;41;41;41;41;41;41;41;41
"288";2;4;7;9;10;12;15;15;15;15;15;15;27;27;27;32;35;35;35;35;43;45;45;45;45;45;45;45;45
"289";2;4;7;9;10;12;15;15;15;15;15;15;26;26;26;26;26;36;39;41;41;41;41;41;41;41;41;41;41
"290";2;4;7;9;10;12;15;15;15;15;15;15;27;27;27;32;35;35;35;35;43;44;44;44;50;50;50;50;50
"291";2;4;7;9;10;12;15;15;15;15;15;15;26;26;26;26;26;36;39;40;40;40;40;40;40;40;40;40;40
"292";2;4;7;9;10;12;15;15;15;15;15;15;27;27;27;32;35;35;35;35;43;44;44;44;51;51;51;51;51
"293";2;4;7;9;10;12;14;16;18;20;23;24;24;28;28;28;28;28;28;28;28;28;28;28;28;28;28;28;28
"294";2;4;7;9;10;12;15;15;15;15;15;15;27;27;27;32;35;35;35;35;43;44;44;44;51;51;51;51;51
"295";2;4;7;9;10;12;14;16;18;20;23;24;24;29;31;31;31;31;31;31;31;31;31;48;48;48;48;48;59
"296";2;4;7;9;10;12;14;16;18;20;23;24;24;29;31;31;31;31;31;31;31;31;31;48;48;48;48;48;59
"297";2;4;7;9;10;12;14;16;19;19;19;19;19;19;19;19;19;19;19;19;19;19;19;19;19;19;54;56;56
"298";2;4;7;9;10;12;14;16;18;20;23;24;24;29;31;31;31;31;31;31;31;31;31;48;48;48;48;48;59
"299";2;4;7;9;10;12;15;15;15;15;15;15;27;27;27;32;35;35;35;35;43;44;44;44;50;50;50;50;50
"300";0;0;0;0;0;0;0;0;0;0;0;0;0;0;0;0;0;0;0;0;0;0;0;0;0;0;0;0;0
"301";2;4;7;9;10;12;15;15;15;15;15;15;27;27;27;32;35;35;35;35;43;44;44;44;50;50;50;50;50
"302";2;4;7;9;10;12;15;15;15;15;15;15;26;26;26;26;26;36;39;40;40;40;40;40;40;40;40;40;40
"303";2;4;7;9;10;12;14;16;18;20;23;25;25;25;25;25;25;25;25;25;25;25;46;46;46;46;46;46;46
"304";2;4;7;9;10;13;13;13;13;13;13;13;13;13;13;13;13;13;13;13;13;13;13;13;13;13;13;13;13
"305";2;4;7;9;10;12;14;16;18;20;23;24;24;29;31;31;31;31;31;31;31;31;31;48;48;48;48;48;59
"306";3;3;3;3;3;3;3;3;3;3;3;3;3;3;3;3;3;3;3;3;3;3;3;3;3;3;3;3;3
"307";2;4;7;9;10;12;14;16;18;21;21;21;21;21;21;21;21;21;21;21;21;21;21;21;21;21;21;21;21
"308";2;4;7;9;10;12;14;16;19;19;19;19;19;19;19;19;19;19;19;19;19;19;19;19;19;19;54;56;56
"309";2;4;7;9;10;12;14;16;18;20;23;24;24;29;31;31;31;31;31;31;31;31;31;48;48;48;48;48;59
"310";2;4;7;9;10;12;15;15;15;15;15;15;27;27;27;32;35;35;35;35;43;44;44;44;50;50;50;50;50
"311";2;5;5;5;5;5;5;5;5;5;5;5;5;5;5;5;5;5;5;5;5;5;5;5;5;5;5;5;5
"312";2;4;7;9;10;12;15;15;15;15;15;15;26;26;26;26;26;36;39;41;41;41;41;41;41;41;41;41;41
"313";2;4;7;9;10;12;15;15;15;15;15;15;27;27;27;32;35;35;35;35;43;44;44;44;51;51;51;51;51
"314";2;4;7;9;10;12;14;16;19;19;19;19;19;19;19;19;19;19;19;19;19;19;19;19;19;19;54;57;57
"315";2;4;7;9;10;12;15;15;15;15;15;15;27;27;27;32;34;34;34;34;34;34;34;34;34;34;34;34;34
"316";2;4;7;9;10;12;15;15;15;15;15;15;27;27;27;32;35;35;35;35;43;44;44;44;51;51;51;51;51
"317";2;4;7;9;10;12;15;15;15;15;15;15;26;26;26;26;26;36;39;41;41;41;41;41;41;41;41;41;41
"318";2;4;7;9;10;12;14;16;18;20;23;25;25;25;25;25;25;25;25;25;25;25;47;47;47;47;47;47;47
"319";2;4;7;9;10;12;14;16;18;20;23;24;24;28;28;28;28;28;28;28;28;28;28;28;28;28;28;28;28
"320";2;4;7;9;10;12;14;16;18;20;23;24;24;29;30;30;30;30;30;30;30;30;30;30;30;52;52;52;52
"321";2;4;7;9;10;12;14;16;18;20;23;25;25;25;25;25;25;25;25;25;25;25;46;46;46;46;46;46;46
"322";2;4;7;9;10;12;15;15;15;15;15;15;26;26;26;26;26;36;39;40;40;40;40;40;40;40;40;40;40
"323";2;4;7;9;10;12;15;15;15;15;15;15;27;27;27;32;34;34;34;34;34;34;34;34;34;34;34;34;34
"324";2;4;7;9;10;12;14;16;18;20;23;25;25;25;25;25;25;25;25;25;25;25;46;46;46;46;46;46;46
"325";2;4;7;9;10;12;15;15;15;15;15;15;26;26;26;26;26;36;39;40;40;40;40;40;40;40;40;40;40
"326";2;4;7;9;10;12;15;15;15;15;15;15;27;27;27;32;35;35;35;35;43;44;44;44;51;51;51;51;51
"327";2;4;7;9;10;12;14;16;19;19;19;19;19;19;19;19;19;19;19;19;19;19;19;19;19;19;54;56;56
"328";2;4;7;9;10;12;15;15;15;15;15;15;27;27;27;33;33;33;33;33;33;33;33;33;33;33;33;33;33
"329";2;4;7;9;10;12;15;15;15;15;15;15;27;27;27;32;35;35;35;35;43;44;44;44;50;50;50;50;50
"330";2;4;7;9;10;12;15;15;15;15;15;15;27;27;27;32;35;35;35;35;43;44;44;44;50;50;50;50;50
"331";2;4;7;9;10;12;15;15;15;15;15;15;26;26;26;26;26;37;37;37;37;37;37;37;37;37;37;37;37
"332";2;4;7;9;10;12;15;15;15;15;15;15;27;27;27;32;34;34;34;34;34;34;34;34;34;34;34;34;34
"333";2;4;7;9;10;12;15;15;15;15;15;15;27;27;27;32;34;34;34;34;34;34;34;34;34;34;34;34;34
"334";2;4;7;9;10;12;15;15;15;15;15;15;26;26;26;26;26;36;39;41;41;41;41;41;41;41;41;41;41
"335";2;4;7;9;10;12;14;16;18;20;23;24;24;29;31;31;31;31;31;31;31;31;31;48;48;48;48;48;59
"336";2;4;7;9;10;12;14;16;18;20;23;24;24;28;28;28;28;28;28;28;28;28;28;28;28;28;28;28;28
"337";2;4;7;9;10;12;15;15;15;15;15;15;26;26;26;26;26;36;39;40;40;40;40;40;40;40;40;40;40
"338";2;4;7;9;10;12;14;16;18;20;23;24;24;28;28;28;28;28;28;28;28;28;28;28;28;28;28;28;28
"339";2;4;7;9;10;12;14;16;18;20;23;24;24;29;31;31;31;31;31;31;31;31;31;48;48;48;48;48;59
"340";2;4;7;9;10;12;15;15;15;15;15;15;27;27;27;32;35;35;35;35;43;44;44;44;51;51;51;51;51
"341";2;4;7;9;10;12;15;15;15;15;15;15;27;27;27;32;34;34;34;34;34;34;34;34;34;34;34;34;34
"342";2;4;7;9;10;12;14;16;18;20;23;24;24;28;28;28;28;28;28;28;28;28;28;28;28;28;28;28;28
"343";2;4;7;9;10;12;14;16;19;19;19;19;19;19;19;19;19;19;19;19;19;19;19;19;19;19;54;56;56
"344";2;4;7;9;10;12;15;15;15;15;15;15;27;27;27;32;35;35;35;35;43;44;44;44;50;50;50;50;50
"345";2;4;7;9;10;12;15;15;15;15;15;15;27;27;27;32;35;35;35;35;43;44;44;44;51;51;51;51;51
"346";2;4;7;9;10;12;14;16;18;20;23;25;25;25;25;25;25;25;25;25;25;25;47;47;47;47;47;47;47
"347";2;4;7;9;10;12;14;16;18;20;23;25;25;25;25;25;25;25;25;25;25;25;47;47;47;47;47;47;47
"348";2;4;7;9;10;12;14;16;19;19;19;19;19;19;19;19;19;19;19;19;19;19;19;19;19;19;54;57;57
"349";2;4;7;9;10;12;14;16;18;20;23;24;24;29;30;30;30;30;30;30;30;30;30;30;30;53;53;53;53
"350";2;4;7;9;10;12;15;15;15;15;15;15;26;26;26;26;26;36;39;40;40;40;40;40;40;40;40;40;40
"351";2;4;7;9;10;12;15;15;15;15;15;15;26;26;26;26;26;36;39;41;41;41;41;41;41;41;41;41;41
"352";0;0;0;0;0;0;0;0;0;0;0;0;0;0;0;0;0;0;0;0;0;0;0;0;0;0;0;0;0
"353";2;4;7;9;10;12;15;15;15;15;15;15;26;26;26;26;26;36;39;40;40;40;40;40;40;40;40;40;40
"354";2;4;7;9;10;12;15;15;15;15;15;15;26;26;26;26;26;37;37;37;37;37;37;37;37;37;37;37;37
"355";2;4;7;9;10;12;15;15;15;15;15;15;26;26;26;26;26;36;39;40;40;40;40;40;40;40;40;40;40
"356";2;4;7;9;10;12;14;16;18;20;23;25;25;25;25;25;25;25;25;25;25;25;46;46;46;46;46;46;46
"357";2;4;7;9;10;12;14;16;18;20;23;24;24;29;31;31;31;31;31;31;31;31;31;48;48;48;48;48;59
"358";2;4;7;9;10;12;15;15;15;15;15;15;26;26;26;26;26;36;39;40;40;40;40;40;40;40;40;40;40
"359";2;4;7;9;10;12;14;16;18;20;22;22;22;22;22;22;22;22;22;22;22;22;22;22;22;22;22;22;22
"360";2;4;7;9;10;12;14;16;18;20;23;25;25;25;25;25;25;25;25;25;25;25;47;47;47;47;47;47;47
"361";2;4;7;9;10;12;14;16;18;20;23;24;24;29;31;31;31;31;31;31;31;31;31;48;48;48;48;48;59
"362";2;0;0;0;0;0;0;0;0;0;0;0;0;0;0;0;0;0;0;0;0;0;0;0;0;0;0;0;0
"363";2;4;7;9;10;12;15;15;15;15;15;15;26;26;26;26;26;36;39;40;40;40;40;40;40;40;40;40;40
"364";2;4;7;9;10;12;15;15;15;15;15;15;27;27;27;32;35;35;35;35;43;45;45;45;45;45;45;45;45
"365";2;4;7;9;10;12;14;16;19;19;19;19;19;19;19;19;19;19;19;19;19;19;19;19;19;19;54;56;56
"366";2;4;7;8;8;8;8;8;8;8;8;8;8;8;8;8;8;8;8;8;8;8;8;8;8;8;8;8;8
"367";2;4;7;9;10;12;14;16;18;20;23;24;24;29;31;31;31;31;31;31;31;31;31;48;48;48;48;48;59
"368";2;4;7;9;10;12;15;15;15;15;15;15;26;26;26;26;26;36;39;40;40;40;40;40;40;40;40;40;40
"369";2;4;7;9;10;12;15;15;15;15;15;15;26;26;26;26;26;36;39;41;41;41;41;41;41;41;41;41;41
"370";2;4;7;9;10;12;14;16;18;20;23;24;24;29;30;30;30;30;30;30;30;30;30;30;30;52;52;52;52
"371";2;4;7;9;10;12;15;15;15;15;15;15;27;27;27;32;35;35;35;35;43;44;44;44;51;51;51;51;51
"372";2;4;7;9;10;12;14;16;18;20;23;24;24;28;28;28;28;28;28;28;28;28;28;28;28;28;28;28;28
"373";2;4;7;9;10;12;15;15;15;15;15;15;27;27;27;32;35;35;35;35;43;44;44;44;51;51;51;51;51
"374";2;4;7;9;10;12;14;16;18;20;23;25;25;25;25;25;25;25;25;25;25;25;46;46;46;46;46;46;46
"375";2;4;7;9;10;12;14;16;19;19;19;19;19;19;19;19;19;19;19;19;19;19;19;19;19;19;54;57;57
"376";2;4;7;9;10;12;14;16;18;20;23;24;24;28;28;28;28;28;28;28;28;28;28;28;28;28;28;28;28
"377";2;4;7;9;10;12;14;16;18;20;23;25;25;25;25;25;25;25;25;25;25;25;46;46;46;46;46;46;46
"378";2;4;7;9;10;12;14;16;18;20;23;24;24;29;31;31;31;31;31;31;31;31;31;48;48;48;48;48;59
"379";2;4;7;9;10;12;15;15;15;15;15;15;27;27;27;32;34;34;34;34;34;34;34;34;34;34;34;34;34
"380";2;4;7;9;10;12;14;16;19;19;19;19;19;19;19;19;19;19;19;19;19;19;19;19;19;19;54;57;57
"381";2;4;7;9;10;12;14;16;18;20;23;25;25;25;25;25;25;25;25;25;25;25;47;47;47;47;47;47;47
"382";2;4;7;9;10;12;15;15;15;15;15;15;26;26;26;26;26;36;39;40;40;40;40;40;40;40;40;40;40
"383";2;4;7;9;10;12;14;16;18;20;23;24;24;29;31;31;31;31;31;31;31;31;31;48;48;48;48;48;59
"384";2;4;7;9;10;12;14;16;18;20;23;24;24;29;31;31;31;31;31;31;31;31;31;48;48;48;48;48;59
"385";2;4;7;9;10;12;14;16;18;20;23;24;24;29;31;31;31;31;31;31;31;31;31;49;49;49;49;49;49
"386";2;4;7;9;10;12;15;15;15;15;15;15;26;26;26;26;26;36;39;40;40;40;40;40;40;40;40;40;40
"387";2;4;7;9;10;12;15;15;15;15;15;15;27;27;27;32;34;34;34;34;34;34;34;34;34;34;34;34;34
"388";2;4;7;9;10;12;15;15;15;15;15;15;26;26;26;26;26;36;39;41;41;41;41;41;41;41;41;41;41
"389";2;4;7;9;10;12;14;16;19;19;19;19;19;19;19;19;19;19;19;19;19;19;19;19;19;19;54;56;56
"390";2;4;7;9;11;11;11;11;11;11;11;11;11;11;11;11;11;11;11;11;11;11;11;11;11;11;11;11;11
"391";2;4;7;9;10;12;15;15;15;15;15;15;27;27;27;32;35;35;35;35;43;45;45;45;45;45;45;45;45
"392";2;4;7;9;10;12;15;15;15;15;15;15;26;26;26;26;26;36;39;41;41;41;41;41;41;41;41;41;41
"393";2;4;7;9;10;12;15;15;15;15;15;15;27;27;27;32;35;35;35;35;43;44;44;44;50;50;50;50;50
"394";2;4;7;9;10;12;14;16;18;20;23;24;24;29;31;31;31;31;31;31;31;31;31;49;49;49;49;49;49
"395";2;4;7;9;10;12;14;16;18;20;23;24;24;29;30;30;30;30;30;30;30;30;30;30;30;52;52;52;52
"396";2;4;7;9;10;12;15;15;15;15;15;15;27;27;27;32;34;34;34;34;34;34;34;34;34;34;34;34;34
"397";2;4;7;9;10;12;14;16;18;20;23;25;25;25;25;25;25;25;25;25;25;25;46;46;46;46;46;46;46
"398";2;4;7;9;10;12;15;15;15;15;15;15;26;26;26;26;26;36;39;41;41;41;41;41;41;41;41;41;41
"399";2;4;7;9;10;12;14;16;18;20;23;24;24;29;31;31;31;31;31;31;31;31;31;48;48;48;48;48;59
"400";2;4;7;9;10;12;15;15;15;15;15;15;27;27;27;32;35;35;35;35;43;44;44;44;50;50;50;50;50
"401";2;4;7;9;11;11;11;11;11;11;11;11;11;11;11;11;11;11;11;11;11;11;11;11;11;11;11;11;11
"402";2;4;7;9;10;12;15;15;15;15;15;15;27;27;27;32;34;34;34;34;34;34;34;34;34;34;34;34;34
"403";2;4;7;9;10;12;14;16;18;20;23;24;24;29;30;30;30;30;30;30;30;30;30;30;30;53;53;53;53
"404";2;4;7;9;10;12;15;15;15;15;15;15;27;27;27;32;35;35;35;35;43;44;44;44;51;51;51;51;51
"405";2;4;7;9;10;12;14;16;18;20;23;24;24;29;30;30;30;30;30;30;30;30;30;30;30;53;53;53;53
"406";2;4;7;9;10;12;15;15;15;15;15;15;27;27;27;32;35;35;35;35;43;44;44;44;51;51;51;51;51
"407";2;4;7;9;10;12;14;16;18;20;23;25;25;25;25;25;25;25;25;25;25;25;46;46;46;46;46;46;46
"408";2;4;7;9;10;12;15;15;15;15;15;15;27;27;27;32;35;35;35;35;43;44;44;44;51;51;51;51;51
"409";2;4;7;9;10;12;15;15;15;15;15;15;27;27;27;32;35;35;35;35;43;44;44;44;51;51;51;51;51
"410";2;4;7;9;10;12;15;15;15;15;15;15;27;27;27;32;35;35;35;35;43;44;44;44;51;51;51;51;51
"411";2;4;7;9;10;12;14;16;18;20;23;25;25;25;25;25;25;25;25;25;25;25;47;47;47;47;47;47;47
"412";2;4;7;9;10;12;14;16;18;20;23;25;25;25;25;25;25;25;25;25;25;25;47;47;47;47;47;47;47
"413";2;4;7;9;10;12;14;16;18;20;23;24;24;29;31;31;31;31;31;31;31;31;31;48;48;48;48;48;59
"414";2;4;7;9;10;12;15;15;15;15;15;15;27;27;27;32;34;34;34;34;34;34;34;34;34;34;34;34;34
"415";2;4;7;9;10;12;14;16;19;19;19;19;19;19;19;19;19;19;19;19;19;19;19;19;19;19;54;57;57
"416";2;4;7;9;10;12;14;16;19;19;19;19;19;19;19;19;19;19;19;19;19;19;19;19;19;19;54;57;57
"417";2;4;7;9;10;12;14;16;18;20;23;25;25;25;25;25;25;25;25;25;25;25;46;46;46;46;46;46;46
"418";2;4;7;9;10;12;14;16;18;20;23;24;24;29;30;30;30;30;30;30;30;30;30;30;30;52;52;52;52
"419";2;4;7;9;10;12;15;15;15;15;15;15;26;26;26;26;26;36;39;41;41;41;41;41;41;41;41;41;41
"420";2;4;7;9;10;12;15;15;15;15;15;15;26;26;26;26;26;36;39;41;41;41;41;41;41;41;41;41;41
"421";2;4;7;9;10;12;14;16;18;20;23;25;25;25;25;25;25;25;25;25;25;25;46;46;46;46;46;46;46
"422";2;4;7;9;10;12;15;15;15;15;15;15;27;27;27;32;35;35;35;35;43;44;44;44;50;50;50;50;50
"423";2;4;7;9;10;12;15;15;15;15;15;15;27;27;27;32;35;35;35;35;43;44;44;44;51;51;51;51;51
"424";2;4;7;9;10;12;14;16;18;20;23;25;25;25;25;25;25;25;25;25;25;25;46;46;46;46;46;46;46
"425";2;4;7;9;10;12;14;16;18;20;23;25;25;25;25;25;25;25;25;25;25;25;47;47;47;47;47;47;47
"426";2;4;7;9;10;12;14;16;18;20;23;25;25;25;25;25;25;25;25;25;25;25;46;46;46;46;46;46;46
"427";2;4;7;9;10;12;14;16;18;20;23;24;24;28;28;28;28;28;28;28;28;28;28;28;28;28;28;28;28
"428";2;4;7;8;8;8;8;8;8;8;8;8;8;8;8;8;8;8;8;8;8;8;8;8;8;8;8;8;8
"429";2;4;7;9;10;12;14;16;18;20;23;25;25;25;25;25;25;25;25;25;25;25;47;47;47;47;47;47;47
"430";2;4;7;9;10;12;15;15;15;15;15;15;26;26;26;26;26;37;37;37;37;37;37;37;37;37;37;37;37
"431";2;4;7;9;10;12;15;15;15;15;15;15;26;26;26;26;26;36;39;41;41;41;41;41;41;41;41;41;41
"432";2;4;7;9;10;13;13;13;13;13;13;13;13;13;13;13;13;13;13;13;13;13;13;13;13;13;13;13;13
"433";2;4;7;9;10;12;14;16;18;20;23;24;24;29;31;31;31;31;31;31;31;31;31;48;48;48;48;48;59
"434";2;4;7;9;11;11;11;11;11;11;11;11;11;11;11;11;11;11;11;11;11;11;11;11;11;11;11;11;11
"435";2;4;7;9;10;12;14;16;18;20;23;24;24;29;31;31;31;31;31;31;31;31;31;48;48;48;48;48;59
"436";2;4;7;9;10;12;14;16;18;20;23;25;25;25;25;25;25;25;25;25;25;25;46;46;46;46;46;46;46
"437";2;4;7;9;10;12;15;15;15;15;15;15;26;26;26;26;26;36;39;40;40;40;40;40;40;40;40;40;40
"438";2;4;7;9;10;12;15;15;15;15;15;15;27;27;27;32;35;35;35;35;43;45;45;45;45;45;45;45;45
"439";2;4;7;9;10;12;15;15;15;15;15;15;27;27;27;32;34;34;34;34;34;34;34;34;34;34;34;34;34
"440";2;4;7;9;10;12;14;16;18;20;23;24;24;29;30;30;30;30;30;30;30;30;30;30;30;52;52;52;52
"441";2;4;7;9;10;12;14;16;19;19;19;19;19;19;19;19;19;19;19;19;19;19;19;19;19;19;54;57;57
"442";2;4;7;9;10;12;14;16;18;20;23;24;24;29;30;30;30;30;30;30;30;30;30;30;30;53;53;53;53
"443";2;4;7;9;10;12;14;16;18;20;23;25;25;25;25;25;25;25;25;25;25;25;47;47;47;47;47;47;47
"444";2;4;7;9;10;12;15;15;15;15;15;15;27;27;27;32;34;34;34;34;34;34;34;34;34;34;34;34;34
"445";2;4;7;9;10;12;14;16;18;20;23;24;24;29;30;30;30;30;30;30;30;30;30;30;30;53;53;53;53
"446";2;4;7;8;8;8;8;8;8;8;8;8;8;8;8;8;8;8;8;8;8;8;8;8;8;8;8;8;8
"447";2;4;7;9;10;12;15;15;15;15;15;15;26;26;26;26;26;36;39;41;41;41;41;41;41;41;41;41;41
"448";2;4;7;9;10;12;15;15;15;15;15;15;26;26;26;26;26;36;39;41;41;41;41;41;41;41;41;41;41
"449";2;4;7;9;10;12;14;16;18;20;23;24;24;29;30;30;30;30;30;30;30;30;30;30;30;53;53;53;53
"450";2;4;7;9;10;12;14;16;18;20;23;24;24;28;28;28;28;28;28;28;28;28;28;28;28;28;28;28;28
"451";2;4;7;9;10;12;14;16;18;20;23;25;25;25;25;25;25;25;25;25;25;25;46;46;46;46;46;46;46
"452";2;4;7;9;10;12;14;16;18;20;23;24;24;29;30;30;30;30;30;30;30;30;30;30;30;53;53;53;53
"453";2;4;7;9;10;12;15;15;15;15;15;15;26;26;26;26;26;36;39;40;40;40;40;40;40;40;40;40;40
"454";2;4;7;9;10;12;14;16;18;21;21;21;21;21;21;21;21;21;21;21;21;21;21;21;21;21;21;21;21
"455";2;4;7;9;10;12;14;16;19;19;19;19;19;19;19;19;19;19;19;19;19;19;19;19;19;19;54;56;56
"456";2;4;7;9;10;12;15;15;15;15;15;15;27;27;27;32;34;34;34;34;34;34;34;34;34;34;34;34;34
"457";3;3;3;3;3;3;3;3;3;3;3;3;3;3;3;3;3;3;3;3;3;3;3;3;3;3;3;3;3
"458";2;4;7;9;10;12;14;16;18;20;23;24;24;29;30;30;30;30;30;30;30;30;30;30;30;52;52;52;52
"459";2;4;7;9;10;12;15;15;15;15;15;15;27;27;27;32;34;34;34;34;34;34;34;34;34;34;34;34;34
"460";2;4;7;9;10;12;14;16;18;20;23;24;24;29;31;31;31;31;31;31;31;31;31;48;48;48;48;48;59
"461";2;4;7;9;10;12;15;15;15;15;15;15;27;27;27;32;34;34;34;34;34;34;34;34;34;34;34;34;34
"462";2;4;7;9;10;12;14;16;18;20;23;24;24;28;28;28;28;28;28;28;28;28;28;28;28;28;28;28;28
"463";2;4;7;9;10;12;14;16;18;20;23;25;25;25;25;25;25;25;25;25;25;25;47;47;47;47;47;47;47
"464";2;4;7;9;10;12;15;15;15;15;15;15;27;27;27;32;34;34;34;34;34;34;34;34;34;34;34;34;34
"465";2;4;7;9;10;12;14;16;18;20;23;24;24;29;31;31;31;31;31;31;31;31;31;48;48;48;48;48;59
"466";2;4;7;9;10;13;13;13;13;13;13;13;13;13;13;13;13;13;13;13;13;13;13;13;13;13;13;13;13
"467";2;4;7;9;10;12;14;16;18;20;23;24;24;29;31;31;31;31;31;31;31;31;31;48;48;48;48;48;59
"468";2;4;7;9;10;12;15;15;15;15;15;15;26;26;26;26;26;36;39;40;40;40;40;40;40;40;40;40;40
"469";2;4;7;9;10;12;14;16;18;20;23;25;25;25;25;25;25;25;25;25;25;25;46;46;46;46;46;46;46
"470";2;4;7;9;10;12;15;15;15;15;15;15;26;26;26;26;26;36;39;41;41;41;41;41;41;41;41;41;41
"471";2;4;7;9;10;12;15;15;15;15;15;15;27;27;27;33;33;33;33;33;33;33;33;33;33;33;33;33;33
"472";2;4;7;9;10;12;15;15;15;15;15;15;27;27;27;32;34;34;34;34;34;34;34;34;34;34;34;34;34
"473";2;4;7;9;10;12;14;16;18;20;23;24;24;28;28;28;28;28;28;28;28;28;28;28;28;28;28;28;28
"474";2;4;7;9;10;12;14;16;18;20;23;24;24;29;31;31;31;31;31;31;31;31;31;48;48;48;48;48;59
"475";2;4;7;9;10;12;14;16;18;20;23;24;24;29;31;31;31;31;31;31;31;31;31;48;48;48;48;48;59
"476";2;4;7;9;10;12;15;15;15;15;15;15;26;26;26;26;26;36;39;41;41;41;41;41;41;41;41;41;41
"477";2;4;7;9;10;12;15;15;15;15;15;15;26;26;26;26;26;36;39;41;41;41;41;41;41;41;41;41;41
"478";2;4;7;9;10;13;13;13;13;13;13;13;13;13;13;13;13;13;13;13;13;13;13;13;13;13;13;13;13
"479";2;4;7;9;10;12;14;16;18;20;23;24;24;29;30;30;30;30;30;30;30;30;30;30;30;53;53;53;53
"480";2;4;7;9;10;12;15;15;15;15;15;15;26;26;26;26;26;36;39;41;41;41;41;41;41;41;41;41;41
"481";2;4;7;9;10;12;15;15;15;15;15;15;27;27;27;32;35;35;35;35;43;44;44;44;50;50;50;50;50
"482";2;4;7;9;10;12;15;15;15;15;15;15;26;26;26;26;26;36;39;41;41;41;41;41;41;41;41;41;41
"483";2;4;7;9;10;12;14;16;18;20;23;25;25;25;25;25;25;25;25;25;25;25;47;47;47;47;47;47;47
"484";2;4;7;9;10;12;14;16;18;20;23;24;24;29;31;31;31;31;31;31;31;31;31;48;48;48;48;48;59
"485";2;4;7;9;10;12;15;15;15;15;15;15;26;26;26;26;26;36;39;41;41;41;41;41;41;41;41;41;41
"486";2;4;7;9;10;12;15;15;15;15;15;15;26;26;26;26;26;36;39;41;41;41;41;41;41;41;41;41;41
"487";2;4;7;9;10;12;15;15;15;15;15;15;26;26;26;26;26;36;39;40;40;40;40;40;40;40;40;40;40
"488";2;4;7;9;10;12;15;15;15;15;15;15;27;27;27;32;35;35;35;35;43;44;44;44;50;50;50;50;50
"489";2;4;7;9;10;12;15;15;15;15;15;15;26;26;26;26;26;36;39;41;41;41;41;41;41;41;41;41;41
"490";2;4;7;9;10;12;14;16;18;20;23;25;25;25;25;25;25;25;25;25;25;25;46;46;46;46;46;46;46
"491";2;4;7;9;10;12;15;15;15;15;15;15;27;27;27;32;34;34;34;34;34;34;34;34;34;34;34;34;34
"492";2;4;7;9;10;12;15;15;15;15;15;15;27;27;27;32;34;34;34;34;34;34;34;34;34;34;34;34;34
"493";2;4;7;9;10;12;14;16;18;20;23;24;24;29;31;31;31;31;31;31;31;31;31;49;49;49;49;49;49
"494";2;4;7;9;10;13;13;13;13;13;13;13;13;13;13;13;13;13;13;13;13;13;13;13;13;13;13;13;13
"495";2;4;7;9;10;12;15;15;15;15;15;15;26;26;26;26;26;36;39;40;40;40;40;40;40;40;40;40;40
"496";2;4;7;9;10;12;15;15;15;15;15;15;26;26;26;26;26;36;39;40;40;40;40;40;40;40;40;40;40
"497";2;4;7;9;10;12;14;16;18;20;23;24;24;28;28;28;28;28;28;28;28;28;28;28;28;28;28;28;28
"498";2;4;7;9;10;12;15;15;15;15;15;15;26;26;26;26;26;36;39;41;41;41;41;41;41;41;41;41;41
"499";2;4;7;9;10;12;15;15;15;15;15;15;27;27;27;32;34;34;34;34;34;34;34;34;34;34;34;34;34
"500";2;4;7;9;10;12;15;15;15;15;15;15;27;27;27;32;35;35;35;35;43;44;44;44;50;50;50;50;50
"501";2;4;7;9;10;12;14;16;18;20;23;24;24;29;30;30;30;30;30;30;30;30;30;30;30;53;53;53;53
"502";2;4;7;9;10;12;15;15;15;15;15;15;26;26;26;26;26;36;39;40;40;40;40;40;40;40;40;40;40
"503";2;4;7;9;10;12;14;16;18;20;23;25;25;25;25;25;25;25;25;25;25;25;47;47;47;47;47;47;47
"504";2;4;7;9;10;12;15;15;15;15;15;15;26;26;26;26;26;36;39;41;41;41;41;41;41;41;41;41;41
"505";2;4;7;9;10;12;15;15;15;15;15;15;27;27;27;32;34;34;34;34;34;34;34;34;34;34;34;34;34
"506";2;4;7;9;10;12;15;15;15;15;15;15;27;27;27;32;35;35;35;35;43;44;44;44;50;50;50;50;50
"507";2;4;7;9;10;12;15;15;15;15;15;15;26;26;26;26;26;36;39;41;41;41;41;41;41;41;41;41;41
"508";2;4;7;9;10;12;15;15;15;15;15;15;27;27;27;32;35;35;35;35;43;44;44;44;50;50;50;50;50
"509";2;4;7;9;10;12;14;16;18;20;23;25;25;25;25;25;25;25;25;25;25;25;46;46;46;46;46;46;46
"510";2;4;7;9;10;12;14;16;18;20;23;25;25;25;25;25;25;25;25;25;25;25;47;47;47;47;47;47;47
"511";2;4;7;9;10;12;14;16;18;20;23;24;24;28;28;28;28;28;28;28;28;28;28;28;28;28;28;28;28
"512";2;4;7;9;10;12;15;15;15;15;15;15;27;27;27;32;35;35;35;35;43;44;44;44;51;51;51;51;51
"513";2;4;7;9;10;12;14;16;19;19;19;19;19;19;19;19;19;19;19;19;19;19;19;19;19;19;54;57;57
"514";2;4;7;9;10;12;14;16;18;20;23;24;24;28;28;28;28;28;28;28;28;28;28;28;28;28;28;28;28
"515";2;4;7;9;10;12;14;16;18;20;23;25;25;25;25;25;25;25;25;25;25;25;47;47;47;47;47;47;47
"516";2;4;7;9;10;12;15;15;15;15;15;15;26;26;26;26;26;36;39;40;40;40;40;40;40;40;40;40;40
"517";2;4;7;9;10;12;14;16;18;20;23;25;25;25;25;25;25;25;25;25;25;25;47;47;47;47;47;47;47
"518";2;4;7;9;10;12;14;16;18;20;23;25;25;25;25;25;25;25;25;25;25;25;47;47;47;47;47;47;47
"519";2;4;7;9;10;12;15;15;15;15;15;15;27;27;27;32;35;35;35;35;43;45;45;45;45;45;45;45;45
"520";2;4;7;9;10;12;15;15;15;15;15;15;26;26;26;26;26;36;39;40;40;40;40;40;40;40;40;40;40
"521";2;4;7;9;10;12;15;15;15;15;15;15;27;27;27;32;35;35;35;35;43;44;44;44;51;51;51;51;51
"522";2;4;7;9;10;12;14;16;18;20;23;25;25;25;25;25;25;25;25;25;25;25;47;47;47;47;47;47;47
"523";2;4;7;9;10;12;15;15;15;15;15;15;26;26;26;26;26;36;39;40;40;40;40;40;40;40;40;40;40
"524";2;4;7;9;10;12;14;16;19;19;19;19;19;19;19;19;19;19;19;19;19;19;19;19;19;19;54;56;56
"525";2;4;7;9;10;12;15;15;15;15;15;15;27;27;27;32;35;35;35;35;43;44;44;44;51;51;51;51;51
"526";2;4;7;9;10;12;14;16;19;19;19;19;19;19;19;19;19;19;19;19;19;19;19;19;19;19;54;57;57
"527";2;4;7;9;10;12;14;16;18;21;21;21;21;21;21;21;21;21;21;21;21;21;21;21;21;21;21;21;21
"528";2;4;7;9;10;12;14;16;18;20;23;24;24;29;30;30;30;30;30;30;30;30;30;30;30;52;52;52;52
"529";2;4;7;9;10;12;15;15;15;15;15;15;27;27;27;32;35;35;35;35;43;44;44;44;51;51;51;51;51
"530";2;4;7;9;10;12;14;16;18;20;23;25;25;25;25;25;25;25;25;25;25;25;47;47;47;47;47;47;47
"531";2;4;7;9;10;12;14;16;18;20;23;24;24;29;31;31;31;31;31;31;31;31;31;48;48;48;48;48;59
"532";2;4;7;9;10;12;15;15;15;15;15;15;27;27;27;32;35;35;35;35;43;44;44;44;51;51;51;51;51
"533";2;4;7;9;10;12;15;15;15;15;15;15;27;27;27;32;35;35;35;35;43;44;44;44;51;51;51;51;51
"534";2;4;7;9;10;12;14;16;19;19;19;19;19;19;19;19;19;19;19;19;19;19;19;19;19;19;54;56;56
"535";2;4;7;9;10;12;14;16;18;20;23;25;25;25;25;25;25;25;25;25;25;25;47;47;47;47;47;47;47
"536";2;4;7;9;10;12;14;16;18;20;23;24;24;29;31;31;31;31;31;31;31;31;31;48;48;48;48;48;59
"537";2;4;7;9;10;12;14;16;18;20;23;24;24;29;30;30;30;30;30;30;30;30;30;30;30;53;53;53;53
"538";2;4;7;9;10;12;14;16;18;20;23;24;24;29;30;30;30;30;30;30;30;30;30;30;30;52;52;52;52
"539";3;3;3;3;3;3;3;3;3;3;3;3;3;3;3;3;3;3;3;3;3;3;3;3;3;3;3;3;3
"540";2;4;7;9;10;12;14;16;18;20;23;24;24;29;30;30;30;30;30;30;30;30;30;30;30;53;53;53;53
"541";2;4;7;9;10;12;14;16;18;20;23;24;24;29;30;30;30;30;30;30;30;30;30;30;30;53;53;53;53
"542";2;4;7;9;10;12;15;15;15;15;15;15;27;27;27;32;35;35;35;35;43;44;44;44;51;51;51;51;51
"543";2;4;7;9;10;12;15;15;15;15;15;15;26;26;26;26;26;36;39;40;40;40;40;40;40;40;40;40;40
"544";2;4;7;9;10;12;14;16;18;20;23;25;25;25;25;25;25;25;25;25;25;25;47;47;47;47;47;47;47
"545";2;4;7;9;10;12;15;15;15;15;15;15;27;27;27;32;35;35;35;35;43;45;45;45;45;45;45;45;45
"546";2;4;7;9;10;12;14;16;18;20;23;24;24;29;30;30;30;30;30;30;30;30;30;30;30;53;53;53;53
"547";2;4;7;9;10;12;15;15;15;15;15;15;26;26;26;26;26;36;39;40;40;40;40;40;40;40;40;40;40
"548";2;4;7;9;10;12;15;15;15;15;15;15;27;27;27;32;34;34;34;34;34;34;34;34;34;34;34;34;34
"549";2;4;7;9;10;12;15;15;15;15;15;15;26;26;26;26;26;36;39;41;41;41;41;41;41;41;41;41;41
"550";2;4;7;9;10;12;14;16;18;20;23;25;25;25;25;25;25;25;25;25;25;25;46;46;46;46;46;46;46
"551";2;4;7;9;10;12;14;16;18;20;23;24;24;29;31;31;31;31;31;31;31;31;31;48;48;48;48;48;59
"552";2;4;7;9;10;12;15;15;15;15;15;15;27;27;27;32;35;35;35;35;43;44;44;44;51;51;51;51;51
"553";2;4;7;9;10;12;15;15;15;15;15;15;27;27;27;32;34;34;34;34;34;34;34;34;34;34;34;34;34
"554";2;4;7;9;10;12;14;16;18;20;23;25;25;25;25;25;25;25;25;25;25;25;47;47;47;47;47;47;47
"555";2;4;7;9;10;12;15;15;15;15;15;15;27;27;27;32;34;34;34;34;34;34;34;34;34;34;34;34;34
"556";2;4;7;9;10;12;14;16;18;20;23;25;25;25;25;25;25;25;25;25;25;25;47;47;47;47;47;47;47
"557";2;4;7;9;10;12;14;16;19;19;19;19;19;19;19;19;19;19;19;19;19;19;19;19;19;19;54;57;57
"558";2;4;7;9;10;12;14;16;18;20;23;24;24;28;28;28;28;28;28;28;28;28;28;28;28;28;28;28;28
"559";2;4;7;9;10;12;14;16;18;20;23;24;24;29;30;30;30;30;30;30;30;30;30;30;30;53;53;53;53
"560";2;4;7;9;10;12;14;16;18;20;23;25;25;25;25;25;25;25;25;25;25;25;47;47;47;47;47;47;47
"561";2;4;7;9;10;12;15;15;15;15;15;15;27;27;27;32;35;35;35;35;43;44;44;44;51;51;51;51;51
"562";2;4;7;9;10;12;14;16;18;20;23;25;25;25;25;25;25;25;25;25;25;25;47;47;47;47;47;47;47
"563";2;4;7;9;10;12;14;16;19;19;19;19;19;19;19;19;19;19;19;19;19;19;19;19;19;19;54;57;57
"564";2;4;7;9;10;12;15;15;15;15;15;15;27;27;27;32;35;35;35;35;43;44;44;44;51;51;51;51;51
"565";2;4;7;9;10;12;15;15;15;15;15;15;26;26;26;26;26;36;39;41;41;41;41;41;41;41;41;41;41
"566";2;4;7;9;10;12;14;16;19;19;19;19;19;19;19;19;19;19;19;19;19;19;19;19;19;19;54;57;57
"567";2;4;7;9;10;12;14;16;18;20;23;24;24;29;31;31;31;31;31;31;31;31;31;48;48;48;48;48;59
"568";2;4;7;9;10;12;14;16;18;20;23;24;24;29;31;31;31;31;31;31;31;31;31;48;48;48;48;48;59
"569";2;4;7;9;10;12;14;16;18;20;23;24;24;29;31;31;31;31;31;31;31;31;31;49;49;49;49;49;49
"570";2;4;7;9;10;12;14;16;18;20;23;24;24;29;30;30;30;30;30;30;30;30;30;30;30;53;53;53;53
"571";2;4;7;9;10;12;14;16;18;20;23;24;24;29;30;30;30;30;30;30;30;30;30;30;30;52;52;52;52
"572";2;4;7;9;10;12;15;15;15;15;15;15;27;27;27;32;35;35;35;35;43;44;44;44;50;50;50;50;50
"573";2;4;7;9;10;12;14;16;19;19;19;19;19;19;19;19;19;19;19;19;19;19;19;19;19;19;54;57;57
"574";2;4;7;9;10;12;15;15;15;15;15;15;27;27;27;32;35;35;35;35;43;45;45;45;45;45;45;45;45
"575";2;4;7;9;10;12;15;15;15;15;15;15;26;26;26;26;26;36;39;41;41;41;41;41;41;41;41;41;41
"576";2;4;7;9;10;12;15;15;15;15;15;15;27;27;27;32;35;35;35;35;43;44;44;44;51;51;51;51;51
"577";2;4;7;9;10;12;14;16;18;20;23;25;25;25;25;25;25;25;25;25;25;25;47;47;47;47;47;47;47
"578";3;3;3;3;3;3;3;3;3;3;3;3;3;3;3;3;3;3;3;3;3;3;3;3;3;3;3;3;3
"579";2;4;7;9;10;12;14;16;18;20;23;24;24;29;30;30;30;30;30;30;30;30;30;30;30;53;53;53;53
"580";2;4;7;9;10;12;14;16;18;20;23;24;24;29;30;30;30;30;30;30;30;30;30;30;30;53;53;53;53
"581";2;4;7;9;10;12;14;16;19;19;19;19;19;19;19;19;19;19;19;19;19;19;19;19;19;19;54;56;56
"582";2;4;7;9;10;12;15;15;15;15;15;15;26;26;26;26;26;36;39;40;40;40;40;40;40;40;40;40;40
"583";2;4;7;9;10;12;15;15;15;15;15;15;26;26;26;26;26;36;39;41;41;41;41;41;41;41;41;41;41
"584";2;4;7;9;10;12;14;16;18;20;23;24;24;29;31;31;31;31;31;31;31;31;31;49;49;49;49;49;49
"585";2;4;7;9;10;12;14;16;18;20;23;24;24;29;31;31;31;31;31;31;31;31;31;48;48;48;48;48;59
"586";2;4;7;9;10;12;14;16;18;20;23;24;24;29;31;31;31;31;31;31;31;31;31;48;48;48;48;48;58
"587";2;4;7;9;10;12;14;16;19;19;19;19;19;19;19;19;19;19;19;19;19;19;19;19;19;19;54;56;56
"588";0;0;0;0;0;0;0;0;0;0;0;0;0;0;0;0;0;0;0;0;0;0;0;0;0;0;0;0;0
"589";2;4;7;9;10;12;15;15;15;15;15;15;26;26;26;26;26;37;37;37;37;37;37;37;37;37;37;37;37
"590";2;4;7;9;10;12;14;16;18;20;23;24;24;29;31;31;31;31;31;31;31;31;31;48;48;48;48;48;59
"591";2;4;7;9;10;12;14;16;18;20;23;24;24;28;28;28;28;28;28;28;28;28;28;28;28;28;28;28;28
"592";2;4;7;9;10;12;14;16;18;20;23;25;25;25;25;25;25;25;25;25;25;25;47;47;47;47;47;47;47
"593";3;3;3;3;3;3;3;3;3;3;3;3;3;3;3;3;3;3;3;3;3;3;3;3;3;3;3;3;3
"594";2;4;7;9;10;12;15;15;15;15;15;15;27;27;27;32;35;35;35;35;43;44;44;44;51;51;51;51;51
"595";2;4;7;9;10;12;15;15;15;15;15;15;27;27;27;32;34;34;34;34;34;34;34;34;34;34;34;34;34
"596";2;4;7;9;10;12;14;16;18;20;23;25;25;25;25;25;25;25;25;25;25;25;46;46;46;46;46;46;46
"597";2;4;7;9;10;12;15;15;15;15;15;15;26;26;26;26;26;36;39;40;40;40;40;40;40;40;40;40;40
"598";0;0;0;0;0;0;0;0;0;0;0;0;0;0;0;0;0;0;0;0;0;0;0;0;0;0;0;0;0
"599";2;4;7;9;10;12;15;15;15;15;15;15;27;27;27;32;35;35;35;35;43;44;44;44;50;50;50;50;50
"600";2;4;7;9;10;12;14;16;18;20;23;24;24;29;30;30;30;30;30;30;30;30;30;30;30;52;52;52;52
"601";2;4;7;9;10;12;14;16;18;20;23;24;24;28;28;28;28;28;28;28;28;28;28;28;28;28;28;28;28
"602";2;4;7;9;10;12;14;16;19;19;19;19;19;19;19;19;19;19;19;19;19;19;19;19;19;19;54;56;56
"603";2;4;7;9;10;12;14;16;19;19;19;19;19;19;19;19;19;19;19;19;19;19;19;19;19;19;54;57;57
"604";2;4;7;9;10;12;14;16;18;20;23;24;24;29;31;31;31;31;31;31;31;31;31;48;48;48;48;48;59
"605";2;4;7;9;10;12;15;15;15;15;15;15;26;26;26;26;26;36;39;41;41;41;41;41;41;41;41;41;41
"606";2;4;7;9;10;12;14;16;18;20;23;24;24;29;30;30;30;30;30;30;30;30;30;30;30;53;53;53;53
"607";2;4;7;9;10;12;14;16;18;20;23;25;25;25;25;25;25;25;25;25;25;25;46;46;46;46;46;46;46
"608";2;4;7;9;10;12;14;16;18;20;23;24;24;29;30;30;30;30;30;30;30;30;30;30;30;53;53;53;53
"609";2;4;7;9;10;12;15;15;15;15;15;15;27;27;27;32;35;35;35;35;43;45;45;45;45;45;45;45;45
"610";2;4;7;9;10;12;14;16;18;20;23;25;25;25;25;25;25;25;25;25;25;25;46;46;46;46;46;46;46
"611";2;4;7;9;10;12;15;15;15;15;15;15;27;27;27;32;35;35;35;35;43;45;45;45;45;45;45;45;45
"612";2;4;7;9;10;12;14;16;19;19;19;19;19;19;19;19;19;19;19;19;19;19;19;19;19;19;54;57;57
"613";2;4;7;9;10;12;14;16;18;20;23;25;25;25;25;25;25;25;25;25;25;25;47;47;47;47;47;47;47
"614";2;4;7;9;10;12;14;16;18;20;23;25;25;25;25;25;25;25;25;25;25;25;47;47;47;47;47;47;47
"615";2;4;7;9;10;12;15;15;15;15;15;15;27;27;27;32;35;35;35;35;43;45;45;45;45;45;45;45;45
"616";2;4;7;9;10;12;14;16;18;20;23;25;25;25;25;25;25;25;25;25;25;25;47;47;47;47;47;47;47
"617";2;4;7;9;10;12;15;15;15;15;15;15;27;27;27;33;33;33;33;33;33;33;33;33;33;33;33;33;33
"618";2;4;7;9;10;12;15;15;15;15;15;15;26;26;26;26;26;36;39;40;40;40;40;40;40;40;40;40;40
"619";2;4;7;9;10;12;15;15;15;15;15;15;26;26;26;26;26;36;39;41;41;41;41;41;41;41;41;41;41
"620";2;4;7;9;10;12;15;15;15;15;15;15;27;27;27;33;33;33;33;33;33;33;33;33;33;33;33;33;33
"621";2;4;7;9;10;12;15;15;15;15;15;15;27;27;27;32;35;35;35;35;43;44;44;44;50;50;50;50;50
"622";2;4;7;9;10;12;14;16;18;20;23;24;24;29;31;31;31;31;31;31;31;31;31;48;48;48;48;48;59
"623";2;4;7;9;10;12;15;15;15;15;15;15;26;26;26;26;26;36;39;41;41;41;41;41;41;41;41;41;41
"624";2;4;7;9;10;12;15;15;15;15;15;15;26;26;26;26;26;36;39;41;41;41;41;41;41;41;41;41;41
"625";2;4;7;9;10;12;14;16;18;20;23;24;24;28;28;28;28;28;28;28;28;28;28;28;28;28;28;28;28
"626";2;4;7;9;10;12;14;16;18;20;23;24;24;29;31;31;31;31;31;31;31;31;31;48;48;48;48;48;59
"627";2;4;7;9;10;12;14;16;18;20;23;24;24;29;31;31;31;31;31;31;31;31;31;48;48;48;48;48;59
"628";2;4;7;9;10;12;14;16;19;19;19;19;19;19;19;19;19;19;19;19;19;19;19;19;19;19;54;56;56
"629";2;4;7;9;10;12;15;15;15;15;15;15;26;26;26;26;26;36;39;41;41;41;41;41;41;41;41;41;41
"630";2;4;7;9;10;12;14;16;18;20;23;25;25;25;25;25;25;25;25;25;25;25;47;47;47;47;47;47;47
"631";2;4;7;9;10;12;15;15;15;15;15;15;27;27;27;32;35;35;35;35;43;45;45;45;45;45;45;45;45
"632";2;4;7;9;10;12;15;15;15;15;15;15;27;27;27;32;35;35;35;35;43;45;45;45;45;45;45;45;45
"633";2;4;7;9;10;12;15;15;15;15;15;15;26;26;26;26;26;36;39;41;41;41;41;41;41;41;41;41;41
"634";2;4;7;9;10;12;14;16;19;19;19;19;19;19;19;19;19;19;19;19;19;19;19;19;19;19;54;57;57
"635";2;4;7;9;10;12;14;16;18;20;23;25;25;25;25;25;25;25;25;25;25;25;46;46;46;46;46;46;46
"636";2;4;7;9;10;12;15;15;15;15;15;15;26;26;26;26;26;36;39;41;41;41;41;41;41;41;41;41;41
"637";2;4;7;9;10;12;14;16;18;20;23;25;25;25;25;25;25;25;25;25;25;25;47;47;47;47;47;47;47
"638";2;4;7;9;10;12;14;16;18;20;23;24;24;29;31;31;31;31;31;31;31;31;31;49;49;49;49;49;49
"639";2;4;7;9;10;12;14;16;18;20;23;24;24;29;31;31;31;31;31;31;31;31;31;49;49;49;49;49;49
"640";2;4;7;9;10;12;15;15;15;15;15;15;26;26;26;26;26;36;39;40;40;40;40;40;40;40;40;40;40
"641";2;4;7;9;10;12;14;16;18;20;23;24;24;29;31;31;31;31;31;31;31;31;31;48;48;48;48;48;59
"642";2;4;7;9;10;12;15;15;15;15;15;15;26;26;26;26;26;36;39;40;40;40;40;40;40;40;40;40;40
"643";2;4;7;9;10;12;15;15;15;15;15;15;26;26;26;26;26;36;39;40;40;40;40;40;40;40;40;40;40
"644";2;4;7;9;10;12;14;16;18;20;23;24;24;29;31;31;31;31;31;31;31;31;31;48;48;48;48;48;59
"645";2;4;7;9;10;12;14;16;18;20;23;25;25;25;25;25;25;25;25;25;25;25;47;47;47;47;47;47;47
"646";2;4;7;9;10;12;15;15;15;15;15;15;26;26;26;26;26;36;39;41;41;41;41;41;41;41;41;41;41
"647";2;4;7;9;10;12;14;16;18;21;21;21;21;21;21;21;21;21;21;21;21;21;21;21;21;21;21;21;21
"648";2;4;7;9;10;12;15;15;15;15;15;15;26;26;26;26;26;36;39;40;40;40;40;40;40;40;40;40;40
"649";2;4;7;9;10;12;15;15;15;15;15;15;27;27;27;32;35;35;35;35;43;45;45;45;45;45;45;45;45
"650";2;4;7;9;10;12;14;16;18;20;23;25;25;25;25;25;25;25;25;25;25;25;46;46;46;46;46;46;46
"651";0;0;0;0;0;0;0;0;0;0;0;0;0;0;0;0;0;0;0;0;0;0;0;0;0;0;0;0;0
"652";2;4;7;9;10;12;14;16;18;20;23;24;24;29;30;30;30;30;30;30;30;30;30;30;30;53;53;53;53
"653";2;4;7;9;10;12;15;15;15;15;15;15;26;26;26;26;26;36;39;41;41;41;41;41;41;41;41;41;41
"654";2;4;7;9;10;12;15;15;15;15;15;15;27;27;27;32;35;35;35;35;43;44;44;44;51;51;51;51;51
"655";2;4;7;9;10;12;15;15;15;15;15;15;27;27;27;32;35;35;35;35;43;45;45;45;45;45;45;45;45
"656";2;4;7;9;10;12;14;16;18;20;23;25;25;25;25;25;25;25;25;25;25;25;46;46;46;46;46;46;46
"657";0;0;0;0;0;0;0;0;0;0;0;0;0;0;0;0;0;0;0;0;0;0;0;0;0;0;0;0;0
"658";2;4;7;9;10;12;14;16;19;19;19;19;19;19;19;19;19;19;19;19;19;19;19;19;19;19;54;56;56
"659";2;4;7;9;10;12;14;16;18;20;23;24;24;29;31;31;31;31;31;31;31;31;31;48;48;48;48;48;59
"660";2;4;7;9;10;12;14;16;18;20;23;24;24;29;31;31;31;31;31;31;31;31;31;48;48;48;48;48;58
"661";2;4;7;9;10;12;15;15;15;15;15;15;26;26;26;26;26;36;39;40;40;40;40;40;40;40;40;40;40
"662";2;4;7;9;10;12;15;15;15;15;15;15;26;26;26;26;26;36;39;41;41;41;41;41;41;41;41;41;41
"663";2;4;7;9;10;12;14;16;18;20;23;24;24;29;30;30;30;30;30;30;30;30;30;30;30;52;52;52;52
"664";2;4;7;9;10;12;15;15;15;15;15;15;26;26;26;26;26;37;37;37;37;37;37;37;37;37;37;37;37
"665";2;4;7;9;10;12;15;15;15;15;15;15;26;26;26;26;26;36;38;38;38;38;38;38;38;38;38;38;38
"666";2;4;7;9;10;12;14;16;18;20;23;25;25;25;25;25;25;25;25;25;25;25;47;47;47;47;47;47;47
"667";2;4;7;9;10;12;15;15;15;15;15;15;27;27;27;32;35;35;35;35;43;44;44;44;51;51;51;51;51
"668";2;4;7;9;10;12;15;15;15;15;15;15;27;27;27;32;35;35;35;35;43;45;45;45;45;45;45;45;45
"669";2;4;7;9;10;12;15;15;15;15;15;15;27;27;27;32;34;34;34;34;34;34;34;34;34;34;34;34;34
"670";2;4;7;9;10;12;15;15;15;15;15;15;26;26;26;26;26;36;39;40;40;40;40;40;40;40;40;40;40
"671";2;4;7;9;11;11;11;11;11;11;11;11;11;11;11;11;11;11;11;11;11;11;11;11;11;11;11;11;11
"672";2;4;7;9;10;12;14;16;19;19;19;19;19;19;19;19;19;19;19;19;19;19;19;19;19;19;54;56;56
"673";2;4;7;9;10;12;15;15;15;15;15;15;26;26;26;26;26;36;39;40;40;40;40;40;40;40;40;40;40
"674";2;4;7;9;10;12;14;16;18;20;23;24;24;29;30;30;30;30;30;30;30;30;30;30;30;53;53;53;53
"675";2;4;7;9;10;12;15;15;15;15;15;15;26;26;26;26;26;36;39;40;40;40;40;40;40;40;40;40;40
"676";2;4;7;9;10;12;15;15;15;15;15;15;27;27;27;32;35;35;35;35;43;44;44;44;50;50;50;50;50
"677";2;4;7;9;10;12;14;16;18;20;23;24;24;29;30;30;30;30;30;30;30;30;30;30;30;53;53;53;53
"678";2;4;7;9;10;12;14;16;19;19;19;19;19;19;19;19;19;19;19;19;19;19;19;19;19;19;54;57;57
"679";2;4;7;9;10;12;15;15;15;15;15;15;26;26;26;26;26;36;39;41;41;41;41;41;41;41;41;41;41
"680";2;4;7;9;10;12;15;15;15;15;15;15;26;26;26;26;26;36;39;40;40;40;40;40;40;40;40;40;40
"681";2;4;7;9;10;12;14;16;18;20;23;24;24;29;30;30;30;30;30;30;30;30;30;30;30;52;52;52;52
"682";2;4;7;9;10;12;15;15;15;15;15;15;27;27;27;32;35;35;35;35;43;44;44;44;50;50;50;50;50
"683";2;4;7;9;10;12;14;16;18;20;23;25;25;25;25;25;25;25;25;25;25;25;47;47;47;47;47;47;47
"684";2;4;7;9;10;12;14;16;18;20;23;25;25;25;25;25;25;25;25;25;25;25;46;46;46;46;46;46;46
"685";3;3;3;3;3;3;3;3;3;3;3;3;3;3;3;3;3;3;3;3;3;3;3;3;3;3;3;3;3
"686";2;4;7;9;11;11;11;11;11;11;11;11;11;11;11;11;11;11;11;11;11;11;11;11;11;11;11;11;11
"687";2;4;7;9;10;12;14;16;18;20;23;25;25;25;25;25;25;25;25;25;25;25;46;46;46;46;46;46;46
"688";2;4;7;9;10;12;14;16;19;19;19;19;19;19;19;19;19;19;19;19;19;19;19;19;19;19;54;56;56
"689";2;4;7;9;10;12;15;15;15;15;15;15;27;27;27;32;34;34;34;34;34;34;34;34;34;34;34;34;34
"690";2;4;7;9;10;12;15;15;15;15;15;15;27;27;27;32;35;35;35;35;43;44;44;44;50;50;50;50;50
"691";2;4;7;9;10;12;14;16;19;19;19;19;19;19;19;19;19;19;19;19;19;19;19;19;19;19;54;57;57
"692";2;4;7;9;10;12;15;15;15;15;15;15;27;27;27;32;35;35;35;35;43;44;44;44;50;50;50;50;50
"693";2;4;7;9;10;12;14;16;19;19;19;19;19;19;19;19;19;19;19;19;19;19;19;19;19;19;54;56;56
"694";2;4;7;9;10;12;14;16;18;20;23;24;24;29;30;30;30;30;30;30;30;30;30;30;30;53;53;53;53
"695";2;4;7;9;10;12;14;16;18;20;23;24;24;28;28;28;28;28;28;28;28;28;28;28;28;28;28;28;28
"696";2;4;7;9;10;12;15;15;15;15;15;15;27;27;27;33;33;33;33;33;33;33;33;33;33;33;33;33;33
"697";2;4;7;9;10;12;14;16;18;20;23;24;24;29;31;31;31;31;31;31;31;31;31;49;49;49;49;49;49
"698";2;4;7;9;10;12;14;16;18;20;23;24;24;29;30;30;30;30;30;30;30;30;30;30;30;53;53;53;53
"699";2;4;7;9;10;12;15;15;15;15;15;15;27;27;27;32;35;35;35;35;43;44;44;44;51;51;51;51;51
"700";2;4;7;9;10;12;15;15;15;15;15;15;27;27;27;32;35;35;35;35;43;44;44;44;50;50;50;50;50
"701";2;4;7;9;10;12;14;16;18;20;23;24;24;28;28;28;28;28;28;28;28;28;28;28;28;28;28;28;28
"702";2;4;7;9;10;12;15;15;15;15;15;15;27;27;27;32;35;35;35;35;43;44;44;44;50;50;50;50;50
"703";2;4;7;9;10;12;14;16;18;20;23;24;24;28;28;28;28;28;28;28;28;28;28;28;28;28;28;28;28
"704";2;4;7;9;10;12;15;15;15;15;15;15;27;27;27;32;35;35;35;35;43;45;45;45;45;45;45;45;45
"705";2;4;7;9;10;12;14;16;18;20;23;24;24;29;31;31;31;31;31;31;31;31;31;48;48;48;48;48;59
"706";2;4;7;9;10;12;15;15;15;15;15;15;27;27;27;32;35;35;35;35;43;45;45;45;45;45;45;45;45
"707";2;4;7;9;10;12;15;15;15;15;15;15;27;27;27;32;35;35;35;35;43;45;45;45;45;45;45;45;45
"708";2;4;7;9;10;12;15;15;15;15;15;15;27;27;27;32;34;34;34;34;34;34;34;34;34;34;34;34;34
"709";2;4;7;9;10;12;15;15;15;15;15;15;27;27;27;32;35;35;35;35;43;45;45;45;45;45;45;45;45
"710";2;4;7;9;10;12;14;16;18;20;23;24;24;29;30;30;30;30;30;30;30;30;30;30;30;53;53;53;53
"711";2;4;7;9;10;12;14;16;19;19;19;19;19;19;19;19;19;19;19;19;19;19;19;19;19;19;54;57;57
"712";2;4;7;9;10;12;15;15;15;15;15;15;27;27;27;32;35;35;35;35;43;44;44;44;50;50;50;50;50
"713";2;4;7;8;8;8;8;8;8;8;8;8;8;8;8;8;8;8;8;8;8;8;8;8;8;8;8;8;8
"714";2;4;7;9;10;12;14;17;17;17;17;17;17;17;17;17;17;17;17;17;17;17;17;17;17;17;17;17;17
"715";2;4;7;9;10;12;15;15;15;15;15;15;27;27;27;32;35;35;35;35;43;44;44;44;51;51;51;51;51
"716";2;4;7;9;10;12;14;16;18;20;23;24;24;29;30;30;30;30;30;30;30;30;30;30;30;53;53;53;53
"717";2;4;7;9;10;12;15;15;15;15;15;15;27;27;27;32;35;35;35;35;43;44;44;44;50;50;50;50;50
"718";2;4;7;9;10;12;15;15;15;15;15;15;26;26;26;26;26;36;39;41;41;41;41;41;41;41;41;41;41
"719";2;4;7;9;10;12;15;15;15;15;15;15;26;26;26;26;26;36;39;41;41;41;41;41;41;41;41;41;41
"720";2;4;7;9;10;12;14;16;19;19;19;19;19;19;19;19;19;19;19;19;19;19;19;19;19;19;55;55;55
"721";2;4;7;9;10;12;15;15;15;15;15;15;27;27;27;32;35;35;35;35;43;44;44;44;50;50;50;50;50
"722";2;4;7;9;10;12;15;15;15;15;15;15;26;26;26;26;26;36;39;40;40;40;40;40;40;40;40;40;40
"723";2;4;7;9;10;12;15;15;15;15;15;15;27;27;27;32;35;35;35;35;43;44;44;44;51;51;51;51;51
"724";2;4;7;9;10;12;14;16;18;20;23;25;25;25;25;25;25;25;25;25;25;25;47;47;47;47;47;47;47
"725";2;5;5;5;5;5;5;5;5;5;5;5;5;5;5;5;5;5;5;5;5;5;5;5;5;5;5;5;5
"726";2;4;7;9;10;12;15;15;15;15;15;15;27;27;27;32;34;34;34;34;34;34;34;34;34;34;34;34;34
"727";0;0;0;0;0;0;0;0;0;0;0;0;0;0;0;0;0;0;0;0;0;0;0;0;0;0;0;0;0
"728";2;4;7;9;10;12;15;15;15;15;15;15;26;26;26;26;26;36;39;40;40;40;40;40;40;40;40;40;40
"729";2;4;7;9;10;12;14;16;19;19;19;19;19;19;19;19;19;19;19;19;19;19;19;19;19;19;54;57;57
"730";2;4;7;9;10;12;15;15;15;15;15;15;27;27;27;32;34;34;34;34;34;34;34;34;34;34;34;34;34
"731";2;4;7;9;10;12;14;16;19;19;19;19;19;19;19;19;19;19;19;19;19;19;19;19;19;19;54;56;56
"732";2;4;7;9;10;12;14;16;18;20;23;24;24;29;31;31;31;31;31;31;31;31;31;49;49;49;49;49;49
"733";2;4;7;9;10;12;14;16;18;20;23;25;25;25;25;25;25;25;25;25;25;25;47;47;47;47;47;47;47
"734";2;4;7;9;10;12;14;16;18;20;23;24;24;29;31;31;31;31;31;31;31;31;31;48;48;48;48;48;59
"735";2;4;7;9;10;12;15;15;15;15;15;15;26;26;26;26;26;36;39;41;41;41;41;41;41;41;41;41;41
"736";2;4;7;9;10;12;14;16;18;21;21;21;21;21;21;21;21;21;21;21;21;21;21;21;21;21;21;21;21
"737";2;4;7;9;10;12;14;16;19;19;19;19;19;19;19;19;19;19;19;19;19;19;19;19;19;19;55;55;55
"738";2;4;7;9;10;12;15;15;15;15;15;15;27;27;27;32;34;34;34;34;34;34;34;34;34;34;34;34;34
"739";2;4;7;9;10;12;14;16;19;19;19;19;19;19;19;19;19;19;19;19;19;19;19;19;19;19;54;56;56
"740";2;4;7;9;10;12;15;15;15;15;15;15;26;26;26;26;26;36;39;40;40;40;40;40;40;40;40;40;40
"741";2;4;7;9;10;12;14;16;19;19;19;19;19;19;19;19;19;19;19;19;19;19;19;19;19;19;54;56;56
"742";2;4;7;9;10;12;14;16;18;20;23;24;24;29;31;31;31;31;31;31;31;31;31;48;48;48;48;48;59
"743";2;4;7;9;10;12;14;16;19;19;19;19;19;19;19;19;19;19;19;19;19;19;19;19;19;19;54;57;57
"744";2;4;7;9;10;12;15;15;15;15;15;15;26;26;26;26;26;36;39;41;41;41;41;41;41;41;41;41;41
"745";2;4;7;9;10;12;14;16;19;19;19;19;19;19;19;19;19;19;19;19;19;19;19;19;19;19;54;57;57
"746";2;4;7;9;10;12;14;16;18;20;23;25;25;25;25;25;25;25;25;25;25;25;46;46;46;46;46;46;46
"747";2;4;7;9;10;12;14;16;18;20;23;24;24;29;31;31;31;31;31;31;31;31;31;48;48;48;48;48;59
"748";2;4;7;9;10;12;15;15;15;15;15;15;27;27;27;32;35;35;35;35;43;44;44;44;50;50;50;50;50
"749";2;4;7;9;10;12;15;15;15;15;15;15;27;27;27;32;35;35;35;35;43;45;45;45;45;45;45;45;45
"750";2;4;7;9;10;12;14;16;19;19;19;19;19;19;19;19;19;19;19;19;19;19;19;19;19;19;54;57;57
"751";2;4;7;9;10;12;14;16;18;20;23;24;24;29;30;30;30;30;30;30;30;30;30;30;30;53;53;53;53
"752";2;4;7;9;10;12;15;15;15;15;15;15;26;26;26;26;26;36;39;40;40;40;40;40;40;40;40;40;40
"753";2;4;7;9;10;12;14;16;18;20;23;25;25;25;25;25;25;25;25;25;25;25;46;46;46;46;46;46;46
"754";2;4;7;9;10;12;15;15;15;15;15;15;26;26;26;26;26;36;39;41;41;41;41;41;41;41;41;41;41
"755";2;4;7;9;10;12;14;16;18;20;23;24;24;29;31;31;31;31;31;31;31;31;31;48;48;48;48;48;59
"756";2;4;7;9;10;13;13;13;13;13;13;13;13;13;13;13;13;13;13;13;13;13;13;13;13;13;13;13;13
"757";0;0;0;0;0;0;0;0;0;0;0;0;0;0;0;0;0;0;0;0;0;0;0;0;0;0;0;0;0
"758";2;4;7;9;10;12;15;15;15;15;15;15;26;26;26;26;26;36;39;41;41;41;41;41;41;41;41;41;41
"759";2;4;7;9;10;12;14;16;19;19;19;19;19;19;19;19;19;19;19;19;19;19;19;19;19;19;54;57;57
"760";2;4;7;9;10;12;14;16;18;20;23;24;24;29;31;31;31;31;31;31;31;31;31;48;48;48;48;48;59
"761";2;4;7;9;10;12;15;15;15;15;15;15;27;27;27;32;35;35;35;35;43;44;44;44;50;50;50;50;50
"762";2;4;7;9;10;12;14;16;19;19;19;19;19;19;19;19;19;19;19;19;19;19;19;19;19;19;54;56;56
"763";2;4;7;9;10;12;14;16;19;19;19;19;19;19;19;19;19;19;19;19;19;19;19;19;19;19;54;56;56
"764";2;4;7;9;10;12;15;15;15;15;15;15;27;27;27;32;35;35;35;35;43;44;44;44;50;50;50;50;50
"765";0;0;0;0;0;0;0;0;0;0;0;0;0;0;0;0;0;0;0;0;0;0;0;0;0;0;0;0;0
"766";2;4;7;9;10;12;15;15;15;15;15;15;27;27;27;32;35;35;35;35;43;44;44;44;51;51;51;51;51
"767";2;4;7;9;10;12;14;16;18;20;23;24;24;29;30;30;30;30;30;30;30;30;30;30;30;52;52;52;52
"768";2;4;7;9;10;12;15;15;15;15;15;15;27;27;27;32;34;34;34;34;34;34;34;34;34;34;34;34;34
"769";2;4;7;9;10;12;15;15;15;15;15;15;27;27;27;32;34;34;34;34;34;34;34;34;34;34;34;34;34
"770";2;4;7;9;10;12;15;15;15;15;15;15;26;26;26;26;26;36;38;38;38;38;38;38;38;38;38;38;38
"771";2;4;7;9;10;12;14;16;18;20;23;25;25;25;25;25;25;25;25;25;25;25;47;47;47;47;47;47;47
"772";2;4;7;9;10;12;14;16;18;20;23;24;24;29;30;30;30;30;30;30;30;30;30;30;30;53;53;53;53
"773";2;4;7;9;10;12;15;15;15;15;15;15;26;26;26;26;26;36;39;41;41;41;41;41;41;41;41;41;41
"774";2;4;7;9;10;12;14;16;18;20;23;24;24;29;30;30;30;30;30;30;30;30;30;30;30;53;53;53;53
"775";2;4;7;9;10;12;15;15;15;15;15;15;27;27;27;32;35;35;35;35;43;44;44;44;51;51;51;51;51
"776";2;4;7;9;10;12;14;16;18;20;23;24;24;29;30;30;30;30;30;30;30;30;30;30;30;52;52;52;52
"777";2;4;7;9;10;12;15;15;15;15;15;15;27;27;27;32;35;35;35;35;43;45;45;45;45;45;45;45;45
"778";2;4;7;9;10;12;15;15;15;15;15;15;27;27;27;32;35;35;35;35;43;44;44;44;50;50;50;50;50
"779";2;4;7;9;10;12;15;15;15;15;15;15;27;27;27;32;34;34;34;34;34;34;34;34;34;34;34;34;34
"780";2;4;7;9;10;12;14;16;18;20;23;24;24;29;31;31;31;31;31;31;31;31;31;49;49;49;49;49;49
"781";2;4;7;9;10;12;14;16;18;20;23;24;24;29;30;30;30;30;30;30;30;30;30;30;30;53;53;53;53
"782";2;4;7;9;10;12;14;16;18;20;23;24;24;29;30;30;30;30;30;30;30;30;30;30;30;53;53;53;53
"783";2;4;7;9;10;12;15;15;15;15;15;15;26;26;26;26;26;36;39;41;41;41;41;41;41;41;41;41;41
"784";2;4;7;9;10;12;14;16;18;20;23;25;25;25;25;25;25;25;25;25;25;25;47;47;47;47;47;47;47
"785";3;3;3;3;3;3;3;3;3;3;3;3;3;3;3;3;3;3;3;3;3;3;3;3;3;3;3;3;3
"786";2;4;7;9;10;12;14;16;18;20;23;24;24;29;31;31;31;31;31;31;31;31;31;48;48;48;48;48;59
"787";2;4;7;9;10;12;14;16;18;20;23;25;25;25;25;25;25;25;25;25;25;25;46;46;46;46;46;46;46
"788";2;4;7;9;10;12;14;16;19;19;19;19;19;19;19;19;19;19;19;19;19;19;19;19;19;19;54;57;57
"789";2;4;7;9;10;12;14;16;18;20;23;24;24;28;28;28;28;28;28;28;28;28;28;28;28;28;28;28;28
"790";2;4;7;9;10;12;15;15;15;15;15;15;27;27;27;32;34;34;34;34;34;34;34;34;34;34;34;34;34
"791";2;4;7;9;10;12;14;16;18;20;23;24;24;29;30;30;30;30;30;30;30;30;30;30;30;52;52;52;52
